PRAGMA foreign_keys=OFF;
BEGIN TRANSACTION;
CREATE TABLE `migrations_lock` (`lock_key` varchar(191) not null, `locked` boolean default '0', `acquired_at` datetime null, `released_at` datetime null, primary key (`lock_key`));
INSERT INTO migrations_lock VALUES('km01',0,'2023-04-16 17:37:40','2023-04-16 17:37:50');
CREATE TABLE `newsletters` (`id` varchar(24) not null, `uuid` varchar(36) not null, `name` varchar(191) not null, `description` varchar(2000) null, `feedback_enabled` boolean not null default '0', `slug` varchar(191) not null, `sender_name` varchar(191) null, `sender_email` varchar(191) null, `sender_reply_to` varchar(191) not null default 'newsletter', `status` varchar(50) not null default 'active', `visibility` varchar(50) not null default 'members', `subscribe_on_signup` boolean not null default '1', `sort_order` integer not null default '0', `header_image` varchar(2000) null, `show_header_icon` boolean not null default '1', `show_header_title` boolean not null default '1', `title_font_category` varchar(191) not null default 'sans_serif', `title_alignment` varchar(191) not null default 'center', `show_feature_image` boolean not null default '1', `body_font_category` varchar(191) not null default 'sans_serif', `footer_content` text null, `show_badge` boolean not null default '1', `show_header_name` boolean not null default '1', `show_post_title_section` boolean not null default '1', `show_comment_cta` boolean not null default '1', `show_subscription_details` boolean not null default '0', `show_latest_posts` boolean not null default '0', `background_color` varchar(50) not null default 'light', `border_color` varchar(50) null, `title_color` varchar(50) null, `created_at` datetime not null, `updated_at` datetime null, primary key (`id`));
INSERT INTO newsletters VALUES('643c3268002137342cf32337','7e9766f0-9c32-42b1-a393-d83a184354aa','Ghost Demo',NULL,0,'default-newsletter',NULL,NULL,'newsletter','active','members',1,0,NULL,1,1,'sans_serif','center',1,'sans_serif',NULL,1,0,1,1,0,0,'light',NULL,NULL,'2023-04-16 17:37:44','2023-04-16 17:42:16');
CREATE TABLE `posts` (`id` varchar(24) not null, `uuid` varchar(36) not null, `title` varchar(2000) not null, `slug` varchar(191) not null, `mobiledoc` text null, `lexical` text null, `html` text null, `comment_id` varchar(50) null, `plaintext` text null, `feature_image` varchar(2000) null, `featured` boolean not null default '0', `type` varchar(50) not null default 'post', `status` varchar(50) not null default 'draft', `locale` varchar(6) null, `visibility` varchar(50) not null default 'public', `email_recipient_filter` text not null, `created_at` datetime not null, `created_by` varchar(24) not null, `updated_at` datetime null, `updated_by` varchar(24) null, `published_at` datetime null, `published_by` varchar(24) null, `custom_excerpt` varchar(2000) null, `codeinjection_head` text null, `codeinjection_foot` text null, `custom_template` varchar(100) null, `canonical_url` text null, `newsletter_id` varchar(24) null, foreign key(`newsletter_id`) references `newsletters`(`id`), primary key (`id`));
INSERT INTO posts VALUES('643c3269002137342cf323a7','e152566d-4077-4747-b6e4-eaf0a9bbfbd2','Coming soon','coming-soon','{"type":"doc","content":[{"type":"paragraph","attrs":{"textAlign":"left"},"content":[{"type":"text","text":"This is Vontigo Demo Site, a brand-new site by a Vontigoers that''s just getting started. Things will be up and running here shortly, but you can subscribe in the meantime if you''d like to stay up to date and receive emails when new content is published!"}]},{"type":"paragraph","attrs":{"textAlign":"left"},"content":[{"type":"text","text":"Or you can create another site using Vontigo CMS via https://vontigo.org."}]}]}',NULL,'<p>This is Vontigo Demo Site, a brand-new site by a Vontigoers that''s just getting started. Things will be up and running here shortly, but you can subscribe in the meantime if you''d like to stay up to date and receive emails when new content is published!</p><p>Or you can create another site using Vontigo CMS via https://vontigo.org.</p>','643c3269002137342cf323a7',replace('This is Vontigo Demo Site, a brand-new site by a Vontigoers that''s just getting started. Things will be up and running here shortly, but you can subscribe in the meantime if you''d like to stay up to date and receive emails when new content is published!\n\nOr you can create another site using Vontigo CMS via https://vontigo.org.','\n',char(10)),'/content/en-us/images/size/_raw/2023/05/643c3269002137342cf323a7_3d-render-futuristic-modern-network-communications-design.jpg',1,'post','published','en-us','public','all','2023-04-16 17:37:45','1','2023-04-16 17:42:16','643c3269002137342cf323a7','2023-04-16 17:37:45','1','We''ve crammed the most important information to help you get started with Vontigo into this one post. It''s your cheat-sheet to get started, and your shortcut to advanced features.',NULL,NULL,'',NULL,NULL);
INSERT INTO posts VALUES('643c326e002137342cf323a9','118e29cd-b606-4467-b668-1f8471869469','About this site !','about-us','{"type":"doc","content":[{"type":"paragraph","attrs":{"textAlign":"left"},"content":[{"type":"text","text":"Hello world!"}]}]}',NULL,'<p>Hello world!</p>','643c326e002137342cf323a9','Hello world!','https://static.ghost.org/v4.0.0/images/feature-image.jpg',0,'page','published','en-us','public','all','2023-04-16 17:37:50','1','2023-04-16 17:42:16','643c326e002137342cf323a9','2023-04-16 17:37:46','1','sadfasdfasdfas',NULL,NULL,NULL,NULL,NULL);
INSERT INTO posts VALUES('645cf2a06c7c7c2738978099','f7cbe440-b793-4554-a689-236b3a51442e','The next of future Content Management System Powered by AI.','the-next-of-future-content-management-system-powered-by-ai','{"type":"doc","content":[{"type":"paragraph","attrs":{"textAlign":"left"},"content":[{"type":"text","text":"The new generation of CMS powered by AI is revolutionizing the way we create and manage content. With the help of artificial intelligence, CMS platforms are becoming more intelligent, intuitive, and efficient than ever before."}]},{"type":"paragraph","attrs":{"textAlign":"left"},"content":[{"type":"text","text":"One of the key benefits of AI-powered CMS is the ability to automate repetitive tasks, such as content creation, curation, and optimization. This frees up time for content creators to focus on more strategic tasks, such as developing new ideas and engaging with their audience."}]},{"type":"paragraph","attrs":{"textAlign":"left"},"content":[{"type":"text","text":"Another advantage of AI-powered CMS is the ability to personalize content for individual users. By analyzing user data, AI algorithms can deliver personalized content recommendations, tailored to each user''s interests and preferences. This not only improves the user experience but also increases engagement and conversions."}]},{"type":"paragraph","attrs":{"textAlign":"left"},"content":[{"type":"text","text":"AI-powered CMS also offers advanced analytics and reporting capabilities, allowing content creators to track and analyze the performance of their content in real-time. This data can be used to optimize content for better engagement and conversions, as well as to identify new opportunities for growth and expansion."}]},{"type":"paragraph","attrs":{"textAlign":"left"},"content":[{"type":"text","text":"Overall, the new generation of CMS powered by AI is transforming the way we create, manage, and optimize content. By automating repetitive tasks, personalizing content, and providing advanced analytics, AI-powered CMS platforms are helping content creators to work smarter, not harder. As AI technology continues to evolve, we can expect to see even more innovative features and capabilities in the future. "}]},{"type":"paragraph","attrs":{"textAlign":"center"},"content":[{"type":"text","marks":[{"type":"italic"}],"text":"\"The stuff shown above is solely for demonstration purposes. To receive the authentic ChatGPT content, please enter your OpenAI key in Settings > BrainiacMinds > Aim Key area!\" "}]}]}',NULL,'<p>The new generation of CMS powered by AI is revolutionizing the way we create and manage content. With the help of artificial intelligence, CMS platforms are becoming more intelligent, intuitive, and efficient than ever before.</p><p>One of the key benefits of AI-powered CMS is the ability to automate repetitive tasks, such as content creation, curation, and optimization. This frees up time for content creators to focus on more strategic tasks, such as developing new ideas and engaging with their audience.</p><p>Another advantage of AI-powered CMS is the ability to personalize content for individual users. By analyzing user data, AI algorithms can deliver personalized content recommendations, tailored to each user''s interests and preferences. This not only improves the user experience but also increases engagement and conversions.</p><p>AI-powered CMS also offers advanced analytics and reporting capabilities, allowing content creators to track and analyze the performance of their content in real-time. This data can be used to optimize content for better engagement and conversions, as well as to identify new opportunities for growth and expansion.</p><p>Overall, the new generation of CMS powered by AI is transforming the way we create, manage, and optimize content. By automating repetitive tasks, personalizing content, and providing advanced analytics, AI-powered CMS platforms are helping content creators to work smarter, not harder. As AI technology continues to evolve, we can expect to see even more innovative features and capabilities in the future. </p><p style="text-align: center"><em>"The stuff shown above is solely for demonstration purposes. To receive the authentic ChatGPT content, please enter your OpenAI key in Settings &gt; BrainiacMinds &gt; Aim Key area!" </em></p>','645cf2a06c7c7c273897809a',replace('The new generation of CMS powered by AI is revolutionizing the way we create and manage content. With the help of artificial intelligence, CMS platforms are becoming more intelligent, intuitive, and efficient than ever before.\n\nOne of the key benefits of AI-powered CMS is the ability to automate repetitive tasks, such as content creation, curation, and optimization. This frees up time for content creators to focus on more strategic tasks, such as developing new ideas and engaging with their audience.\n\nAnother advantage of AI-powered CMS is the ability to personalize content for individual users. By analyzing user data, AI algorithms can deliver personalized content recommendations, tailored to each user''s interests and preferences. This not only improves the user experience but also increases engagement and conversions.\n\nAI-powered CMS also offers advanced analytics and reporting capabilities, allowing content creators to track and analyze the performance of their content in real-time. This data can be used to optimize content for better engagement and conversions, as well as to identify new opportunities for growth and expansion.\n\nOverall, the new generation of CMS powered by AI is transforming the way we create, manage, and optimize content. By automating repetitive tasks, personalizing content, and providing advanced analytics, AI-powered CMS platforms are helping content creators to work smarter, not harder. As AI technology continues to evolve, we can expect to see even more innovative features and capabilities in the future. \n\n"The stuff shown above is solely for demonstration purposes. To receive the authentic ChatGPT content, please enter your OpenAI key in Settings > BrainiacMinds > Aim Key area!" ','\n',char(10)),'/content/en-us/images/size/_raw/2023/05/645cf2a06c7c7c2738978099_feature-image.png',1,'post','published','en-us','public','all','2023-05-11T13:50','1','2023-05-11T13:50','1','2023-05-12T13:55','1','The new generation of CMS powered by AI is revolutionizing the way we create and manage content. With the help of artificial intelligence, CMS platforms are becoming more intelligent, intuitive, and efficient than ever before.',NULL,NULL,NULL,NULL,NULL);
INSERT INTO posts VALUES('645cf4656c7c7c273897809b','04cdfef5-740a-432a-8407-f55075022443','A.I. is revolutionizing the world in various industries, including CMS','ai-is-revolutionizing-the-world-in-various-industries-including-cms-1','{"type":"doc","content":[{"type":"paragraph","attrs":{"textAlign":"left"},"content":[{"type":"text","text":"Artificial Intelligence (AI) is revolutionizing the world in various industries, including content management systems (CMS). AI has the power to analyze large amounts of data and make predictions, allowing businesses to make data-driven decisions. In this article, we will explore the benefits of AI with CMS and how it can improve your content creation and management."}]},{"type":"heading","attrs":{"textAlign":"left","level":2},"content":[{"type":"text","text":"Personalization"}]},{"type":"paragraph","attrs":{"textAlign":"left"},"content":[{"type":"text","text":"AI-powered CMS can personalize content to individual users. AI algorithms can analyze user data, such as browsing behavior and previous interactions, to create a personalized experience for each user. Personalization can improve engagement and increase user satisfaction, leading to higher conversion rates and sales."}]},{"type":"heading","attrs":{"textAlign":"left","level":2},"content":[{"type":"text","text":"Improved Search"}]},{"type":"paragraph","attrs":{"textAlign":"left"},"content":[{"type":"text","text":"AI algorithms can improve search capabilities within CMS by analyzing user search queries and providing relevant results. This can enhance user experience and reduce bounce rates."}]},{"type":"heading","attrs":{"textAlign":"left","level":2},"content":[{"type":"text","text":"Content Creation"}]},{"type":"paragraph","attrs":{"textAlign":"left"},"content":[{"type":"text","text":"AI can help in creating content by generating ideas, identifying trending topics, and even writing content. AI algorithms can analyze user behavior and content trends to generate content ideas that are more likely to engage and resonate with the target audience."}]},{"type":"heading","attrs":{"textAlign":"left","level":2},"content":[{"type":"text","text":"Content Optimization"}]},{"type":"paragraph","attrs":{"textAlign":"left"},"content":[{"type":"text","text":"AI-powered CMS can analyze content and provide recommendations for optimization. This includes identifying keywords, improving readability, and enhancing the overall structure and flow of the content. AI can also analyze user behavior to determine which content performs best and provide insights for future content creation."}]},{"type":"heading","attrs":{"textAlign":"left","level":2},"content":[{"type":"text","text":"Predictive Analytics"}]},{"type":"paragraph","attrs":{"textAlign":"left"},"content":[{"type":"text","text":"AI algorithms can analyze data to predict future trends and behavior. This can help businesses make data-driven decisions and improve their content strategies. Predictive analytics can also help in identifying potential issues or opportunities, allowing businesses to make proactive changes."}]},{"type":"heading","attrs":{"textAlign":"left","level":2},"content":[{"type":"text","text":"Chatbots"}]},{"type":"paragraph","attrs":{"textAlign":"left"},"content":[{"type":"text","text":"AI-powered chatbots can provide a personalized and responsive customer service experience. Chatbots can answer customer queries, provide information, and even handle basic transactions, freeing up customer service representatives to handle more complex issues."}]},{"type":"paragraph","attrs":{"textAlign":"left"},"content":[{"type":"text","text":"In conclusion, AI with CMS can provide numerous benefits for businesses looking to improve their content creation and management. From personalization to predictive analytics, AI can help businesses make data-driven decisions and improve user engagement. As AI technology continues to evolve, businesses can expect even more advanced capabilities and benefits from AI-powered CMS."}]}]}',NULL,'<p>Artificial Intelligence (AI) is revolutionizing the world in various industries, including content management systems (CMS). AI has the power to analyze large amounts of data and make predictions, allowing businesses to make data-driven decisions. In this article, we will explore the benefits of AI with CMS and how it can improve your content creation and management.</p><h2>Personalization</h2><p>AI-powered CMS can personalize content to individual users. AI algorithms can analyze user data, such as browsing behavior and previous interactions, to create a personalized experience for each user. Personalization can improve engagement and increase user satisfaction, leading to higher conversion rates and sales.</p><h2>Improved Search</h2><p>AI algorithms can improve search capabilities within CMS by analyzing user search queries and providing relevant results. This can enhance user experience and reduce bounce rates.</p><h2>Content Creation</h2><p>AI can help in creating content by generating ideas, identifying trending topics, and even writing content. AI algorithms can analyze user behavior and content trends to generate content ideas that are more likely to engage and resonate with the target audience.</p><h2>Content Optimization</h2><p>AI-powered CMS can analyze content and provide recommendations for optimization. This includes identifying keywords, improving readability, and enhancing the overall structure and flow of the content. AI can also analyze user behavior to determine which content performs best and provide insights for future content creation.</p><h2>Predictive Analytics</h2><p>AI algorithms can analyze data to predict future trends and behavior. This can help businesses make data-driven decisions and improve their content strategies. Predictive analytics can also help in identifying potential issues or opportunities, allowing businesses to make proactive changes.</p><h2>Chatbots</h2><p>AI-powered chatbots can provide a personalized and responsive customer service experience. Chatbots can answer customer queries, provide information, and even handle basic transactions, freeing up customer service representatives to handle more complex issues.</p><p>In conclusion, AI with CMS can provide numerous benefits for businesses looking to improve their content creation and management. From personalization to predictive analytics, AI can help businesses make data-driven decisions and improve user engagement. As AI technology continues to evolve, businesses can expect even more advanced capabilities and benefits from AI-powered CMS.</p>','645cf4656c7c7c273897809c',replace('Artificial Intelligence (AI) is revolutionizing the world in various industries, including content management systems (CMS). AI has the power to analyze large amounts of data and make predictions, allowing businesses to make data-driven decisions. In this article, we will explore the benefits of AI with CMS and how it can improve your content creation and management.\n\nPersonalization\n\nAI-powered CMS can personalize content to individual users. AI algorithms can analyze user data, such as browsing behavior and previous interactions, to create a personalized experience for each user. Personalization can improve engagement and increase user satisfaction, leading to higher conversion rates and sales.\n\nImproved Search\n\nAI algorithms can improve search capabilities within CMS by analyzing user search queries and providing relevant results. This can enhance user experience and reduce bounce rates.\n\nContent Creation\n\nAI can help in creating content by generating ideas, identifying trending topics, and even writing content. AI algorithms can analyze user behavior and content trends to generate content ideas that are more likely to engage and resonate with the target audience.\n\nContent Optimization\n\nAI-powered CMS can analyze content and provide recommendations for optimization. This includes identifying keywords, improving readability, and enhancing the overall structure and flow of the content. AI can also analyze user behavior to determine which content performs best and provide insights for future content creation.\n\nPredictive Analytics\n\nAI algorithms can analyze data to predict future trends and behavior. This can help businesses make data-driven decisions and improve their content strategies. Predictive analytics can also help in identifying potential issues or opportunities, allowing businesses to make proactive changes.\n\nChatbots\n\nAI-powered chatbots can provide a personalized and responsive customer service experience. Chatbots can answer customer queries, provide information, and even handle basic transactions, freeing up customer service representatives to handle more complex issues.\n\nIn conclusion, AI with CMS can provide numerous benefits for businesses looking to improve their content creation and management. From personalization to predictive analytics, AI can help businesses make data-driven decisions and improve user engagement. As AI technology continues to evolve, businesses can expect even more advanced capabilities and benefits from AI-powered CMS.','\n',char(10)),'/content/en-us/images/size/_raw/2023/05/645cf4656c7c7c273897809b_cool-geometric-triangular-figure-neon-laser-light-great-backgrounds.jpg',0,'post','published','en-us','public','all','2023-05-11T13:57','1','2023-05-11T13:57','1','2023-05-11T14:02','1','Artificial Intelligence (AI) is revolutionizing the world in various industries, including content management systems (CMS). AI has the power to analyze large amounts of data and make predictions, allowing businesses to make data-driven decisions. In this article, we will explore the benefits of AI ',NULL,NULL,NULL,NULL,NULL);
INSERT INTO posts VALUES('645cf6336c7c7c273897809d','c9af9ce4-ae04-4d88-b156-6d223b1dd9ec','How AI is Transforming Content Creation with CMS','how-ai-is-transforming-content-creation-with-cms','{"type":"doc","content":[{"type":"paragraph","attrs":{"textAlign":"left"},"content":[{"type":"text","text":"Artificial Intelligence (AI) has the potential to revolutionize content creation with content management systems (CMS). AI-powered CMS can improve the efficiency and effectiveness of content creation by automating certain tasks and providing data-driven insights. In this article, we will explore how AI is transforming content creation with CMS."}]},{"type":"heading","attrs":{"textAlign":"left","level":2},"content":[{"type":"text","text":"Automated Content Creation"}]},{"type":"paragraph","attrs":{"textAlign":"left"},"content":[{"type":"text","text":"AI algorithms can analyze user behavior and content trends to generate content ideas and even write content. This can save time and resources for content creators while ensuring that the content is relevant and engaging."}]},{"type":"heading","attrs":{"textAlign":"left","level":2},"content":[{"type":"text","text":"Content Optimization"}]},{"type":"paragraph","attrs":{"textAlign":"left"},"content":[{"type":"text","text":"AI-powered CMS can analyze content and provide recommendations for optimization. This includes identifying keywords, improving readability, and enhancing the overall structure and flow of the content. AI can also analyze user behavior to determine which content performs best and provide insights for future content creation."}]},{"type":"heading","attrs":{"textAlign":"left","level":2},"content":[{"type":"text","text":"Personalization"}]},{"type":"paragraph","attrs":{"textAlign":"left"},"content":[{"type":"text","text":"AI-powered CMS can personalize content to individual users. AI algorithms can analyze user data, such as browsing behavior and previous interactions, to create a personalized experience for each user. Personalization can improve engagement and increase user satisfaction, leading to higher conversion rates and sales."}]},{"type":"heading","attrs":{"textAlign":"left","level":2},"content":[{"type":"text","text":"Improved Search"}]},{"type":"paragraph","attrs":{"textAlign":"left"},"content":[{"type":"text","text":"AI algorithms can improve search capabilities within CMS by analyzing user search queries and providing relevant results. This can enhance user experience and reduce bounce rates."}]},{"type":"heading","attrs":{"textAlign":"left","level":2},"content":[{"type":"text","text":"Predictive Analytics"}]},{"type":"paragraph","attrs":{"textAlign":"left"},"content":[{"type":"text","text":"AI algorithms can analyze data to predict future trends and behavior. This can help businesses make data-driven decisions and improve their content strategies. Predictive analytics can also help in identifying potential issues or opportunities, allowing businesses to make proactive changes."}]},{"type":"heading","attrs":{"textAlign":"left","level":2},"content":[{"type":"text","text":"Chatbots"}]},{"type":"paragraph","attrs":{"textAlign":"left"},"content":[{"type":"text","text":"AI-powered chatbots can provide a personalized and responsive customer service experience. Chatbots can answer customer queries, provide information, and even handle basic transactions, freeing up customer service representatives to handle more complex issues."}]},{"type":"paragraph","attrs":{"textAlign":"left"},"content":[{"type":"text","text":"In conclusion, AI with CMS can provide numerous benefits for businesses looking to improve their content creation and management. From automated content creation to personalized experiences, AI can help businesses create content that is engaging, relevant, and optimized for success. As AI technology continues to evolve, businesses can expect even more advanced capabilities and benefits from AI-powered CMS."}]}]}',NULL,'<p>Artificial Intelligence (AI) has the potential to revolutionize content creation with content management systems (CMS). AI-powered CMS can improve the efficiency and effectiveness of content creation by automating certain tasks and providing data-driven insights. In this article, we will explore how AI is transforming content creation with CMS.</p><h2>Automated Content Creation</h2><p>AI algorithms can analyze user behavior and content trends to generate content ideas and even write content. This can save time and resources for content creators while ensuring that the content is relevant and engaging.</p><h2>Content Optimization</h2><p>AI-powered CMS can analyze content and provide recommendations for optimization. This includes identifying keywords, improving readability, and enhancing the overall structure and flow of the content. AI can also analyze user behavior to determine which content performs best and provide insights for future content creation.</p><h2>Personalization</h2><p>AI-powered CMS can personalize content to individual users. AI algorithms can analyze user data, such as browsing behavior and previous interactions, to create a personalized experience for each user. Personalization can improve engagement and increase user satisfaction, leading to higher conversion rates and sales.</p><h2>Improved Search</h2><p>AI algorithms can improve search capabilities within CMS by analyzing user search queries and providing relevant results. This can enhance user experience and reduce bounce rates.</p><h2>Predictive Analytics</h2><p>AI algorithms can analyze data to predict future trends and behavior. This can help businesses make data-driven decisions and improve their content strategies. Predictive analytics can also help in identifying potential issues or opportunities, allowing businesses to make proactive changes.</p><h2>Chatbots</h2><p>AI-powered chatbots can provide a personalized and responsive customer service experience. Chatbots can answer customer queries, provide information, and even handle basic transactions, freeing up customer service representatives to handle more complex issues.</p><p>In conclusion, AI with CMS can provide numerous benefits for businesses looking to improve their content creation and management. From automated content creation to personalized experiences, AI can help businesses create content that is engaging, relevant, and optimized for success. As AI technology continues to evolve, businesses can expect even more advanced capabilities and benefits from AI-powered CMS.</p>','645cf6336c7c7c273897809e',replace('Artificial Intelligence (AI) has the potential to revolutionize content creation with content management systems (CMS). AI-powered CMS can improve the efficiency and effectiveness of content creation by automating certain tasks and providing data-driven insights. In this article, we will explore how AI is transforming content creation with CMS.\n\nAutomated Content Creation\n\nAI algorithms can analyze user behavior and content trends to generate content ideas and even write content. This can save time and resources for content creators while ensuring that the content is relevant and engaging.\n\nContent Optimization\n\nAI-powered CMS can analyze content and provide recommendations for optimization. This includes identifying keywords, improving readability, and enhancing the overall structure and flow of the content. AI can also analyze user behavior to determine which content performs best and provide insights for future content creation.\n\nPersonalization\n\nAI-powered CMS can personalize content to individual users. AI algorithms can analyze user data, such as browsing behavior and previous interactions, to create a personalized experience for each user. Personalization can improve engagement and increase user satisfaction, leading to higher conversion rates and sales.\n\nImproved Search\n\nAI algorithms can improve search capabilities within CMS by analyzing user search queries and providing relevant results. This can enhance user experience and reduce bounce rates.\n\nPredictive Analytics\n\nAI algorithms can analyze data to predict future trends and behavior. This can help businesses make data-driven decisions and improve their content strategies. Predictive analytics can also help in identifying potential issues or opportunities, allowing businesses to make proactive changes.\n\nChatbots\n\nAI-powered chatbots can provide a personalized and responsive customer service experience. Chatbots can answer customer queries, provide information, and even handle basic transactions, freeing up customer service representatives to handle more complex issues.\n\nIn conclusion, AI with CMS can provide numerous benefits for businesses looking to improve their content creation and management. From automated content creation to personalized experiences, AI can help businesses create content that is engaging, relevant, and optimized for success. As AI technology continues to evolve, businesses can expect even more advanced capabilities and benefits from AI-powered CMS.','\n',char(10)),'/content/en-us/images/size/_raw/2023/05/645cf6336c7c7c273897809d_3d-abstract-background-with-futuristic-particles.jpg',1,'post','published','en-us','public','all','2023-05-11T14:05','1','2023-05-11T14:05','1','2023-05-11T14:07','1',NULL,NULL,NULL,NULL,NULL,NULL);
INSERT INTO posts VALUES('645cf6c76c7c7c273897809f','411b022a-1d87-42c6-9b3c-6e849d38bc2e','How AI is Revolutionizing Blogger Support','how-ai-is-revolutionizing-blogger-support','{"type":"doc","content":[{"type":"paragraph","attrs":{"textAlign":"left"},"content":[{"type":"text","text":"Artificial Intelligence (AI) has the potential to revolutionize the way bloggers receive support. AI-powered support tools can provide faster and more accurate solutions to common problems, improving the overall experience for bloggers. In this article, we will explore how AI is revolutionizing blogger support."}]},{"type":"heading","attrs":{"textAlign":"left","level":2},"content":[{"type":"text","text":"Automated Support"}]},{"type":"paragraph","attrs":{"textAlign":"start"},"content":[{"type":"text","text":"AI-powered support tools can automate certain tasks, such as providing answers to frequently asked questions or resolving common issues. This can save time and resources for support teams while ensuring that bloggers receive quick and accurate solutions to their problems."}]},{"type":"heading","attrs":{"textAlign":"left","level":2},"content":[{"type":"text","text":"Personalized Support"}]},{"type":"paragraph","attrs":{"textAlign":"start"},"content":[{"type":"text","text":"AI algorithms can analyze blogger data, such as browsing behavior and previous interactions, to create a personalized support experience for each blogger. Personalization can improve engagement and increase blogger satisfaction, leading to higher retention rates."}]},{"type":"heading","attrs":{"textAlign":"left","level":2},"content":[{"type":"text","text":"Improved Search"}]},{"type":"paragraph","attrs":{"textAlign":"start"},"content":[{"type":"text","text":"AI algorithms can improve search capabilities within support systems by analyzing blogger search queries and providing relevant results. This can enhance the blogger experience and reduce frustration."}]},{"type":"heading","attrs":{"textAlign":"left","level":2},"content":[{"type":"text","text":"Predictive Analytics"}]},{"type":"paragraph","attrs":{"textAlign":"start"},"content":[{"type":"text","text":"AI algorithms can analyze data to predict future trends and behavior. This can help support teams proactively address potential issues before they become problems. Predictive analytics can also help in identifying opportunities for improvement in the support process."}]},{"type":"heading","attrs":{"textAlign":"left","level":2},"content":[{"type":"text","text":"Chatbots"}]},{"type":"paragraph","attrs":{"textAlign":"start"},"content":[{"type":"text","text":"AI-powered chatbots can provide a personalized and responsive support experience. Chatbots can answer blogger queries, provide information, and even handle basic issues, freeing up support teams to handle more complex problems."}]},{"type":"paragraph","attrs":{"textAlign":"start"},"content":[{"type":"text","text":"In conclusion, AI support tools can provide numerous benefits for bloggers looking for fast and accurate solutions to their problems. From automated support to personalized experiences, AI can help bloggers get the support they need to succeed. As AI technology continues to evolve, bloggers can expect even more advanced capabilities and benefits from AI-powered support systems."}]}]}',NULL,'<p>Artificial Intelligence (AI) has the potential to revolutionize the way bloggers receive support. AI-powered support tools can provide faster and more accurate solutions to common problems, improving the overall experience for bloggers. In this article, we will explore how AI is revolutionizing blogger support.</p><h2>Automated Support</h2><p style="text-align: start">AI-powered support tools can automate certain tasks, such as providing answers to frequently asked questions or resolving common issues. This can save time and resources for support teams while ensuring that bloggers receive quick and accurate solutions to their problems.</p><h2>Personalized Support</h2><p style="text-align: start">AI algorithms can analyze blogger data, such as browsing behavior and previous interactions, to create a personalized support experience for each blogger. Personalization can improve engagement and increase blogger satisfaction, leading to higher retention rates.</p><h2>Improved Search</h2><p style="text-align: start">AI algorithms can improve search capabilities within support systems by analyzing blogger search queries and providing relevant results. This can enhance the blogger experience and reduce frustration.</p><h2>Predictive Analytics</h2><p style="text-align: start">AI algorithms can analyze data to predict future trends and behavior. This can help support teams proactively address potential issues before they become problems. Predictive analytics can also help in identifying opportunities for improvement in the support process.</p><h2>Chatbots</h2><p style="text-align: start">AI-powered chatbots can provide a personalized and responsive support experience. Chatbots can answer blogger queries, provide information, and even handle basic issues, freeing up support teams to handle more complex problems.</p><p style="text-align: start">In conclusion, AI support tools can provide numerous benefits for bloggers looking for fast and accurate solutions to their problems. From automated support to personalized experiences, AI can help bloggers get the support they need to succeed. As AI technology continues to evolve, bloggers can expect even more advanced capabilities and benefits from AI-powered support systems.</p>','645cf6c76c7c7c27389780a0',replace('Artificial Intelligence (AI) has the potential to revolutionize the way bloggers receive support. AI-powered support tools can provide faster and more accurate solutions to common problems, improving the overall experience for bloggers. In this article, we will explore how AI is revolutionizing blogger support.\n\nAutomated Support\n\nAI-powered support tools can automate certain tasks, such as providing answers to frequently asked questions or resolving common issues. This can save time and resources for support teams while ensuring that bloggers receive quick and accurate solutions to their problems.\n\nPersonalized Support\n\nAI algorithms can analyze blogger data, such as browsing behavior and previous interactions, to create a personalized support experience for each blogger. Personalization can improve engagement and increase blogger satisfaction, leading to higher retention rates.\n\nImproved Search\n\nAI algorithms can improve search capabilities within support systems by analyzing blogger search queries and providing relevant results. This can enhance the blogger experience and reduce frustration.\n\nPredictive Analytics\n\nAI algorithms can analyze data to predict future trends and behavior. This can help support teams proactively address potential issues before they become problems. Predictive analytics can also help in identifying opportunities for improvement in the support process.\n\nChatbots\n\nAI-powered chatbots can provide a personalized and responsive support experience. Chatbots can answer blogger queries, provide information, and even handle basic issues, freeing up support teams to handle more complex problems.\n\nIn conclusion, AI support tools can provide numerous benefits for bloggers looking for fast and accurate solutions to their problems. From automated support to personalized experiences, AI can help bloggers get the support they need to succeed. As AI technology continues to evolve, bloggers can expect even more advanced capabilities and benefits from AI-powered support systems.','\n',char(10)),'/content/en-us/images/size/_raw/2023/05/645cf6c76c7c7c273897809f_technology-network-background-connection-cyber-space-ai-generative.jpg',1,'post','published','en-us','public','all','2023-05-11T14:08','1','2023-05-11T14:08','1','2023-05-11T14:11','1','Artificial Intelligence (AI) has the potential to revolutionize the way bloggers receive support.',NULL,NULL,NULL,NULL,NULL);
INSERT INTO posts VALUES('645cf7e86c7c7c27389780a1','c8d67409-0e7c-46d0-98a6-36b0ec4431c9','How AI is Bringing Benefits to the Digital Content Industry','how-ai-is-bringing-benefits-to-the-digital-content-industry','{"type":"doc","content":[{"type":"paragraph","attrs":{"textAlign":"left"},"content":[{"type":"text","text":"Artificial Intelligence (AI) is transforming the digital content industry by enabling content creators and marketers to create, manage, and distribute content more efficiently and effectively. AI-powered tools are making it possible to personalize content for individual users, optimize content for search engines, and even automate content creation. In this article, we will explore how AI is bringing benefits to the digital content industry."}]},{"type":"heading","attrs":{"textAlign":"left","level":2},"content":[{"type":"text","text":"Personalization"}]},{"type":"paragraph","attrs":{"textAlign":"start"},"content":[{"type":"text","text":"AI algorithms can analyze user data, such as browsing behavior and past interactions, to create personalized content experiences for individual users. This can improve engagement and increase user satisfaction, leading to higher retention rates and conversions."}]},{"type":"heading","attrs":{"textAlign":"left","level":2},"content":[{"type":"text","text":"Optimization"}]},{"type":"paragraph","attrs":{"textAlign":"start"},"content":[{"type":"text","text":"AI-powered tools can analyze content and provide recommendations for optimization. This includes identifying keywords, improving readability, and enhancing the overall structure and flow of the content. AI can also analyze user behavior to determine which content performs best and provide insights for future content creation."}]},{"type":"heading","attrs":{"textAlign":"left","level":2},"content":[{"type":"text","text":"Automated Content Creation"}]},{"type":"paragraph","attrs":{"textAlign":"start"},"content":[{"type":"text","text":"AI algorithms can generate content ideas and even write content. This can save time and resources for content creators while ensuring that the content is relevant and engaging."}]},{"type":"heading","attrs":{"textAlign":"left","level":2},"content":[{"type":"text","text":"Content Distribution"}]},{"type":"paragraph","attrs":{"textAlign":"start"},"content":[{"type":"text","text":"AI-powered tools can analyze user data to determine the best channels and times to distribute content for maximum engagement. This can improve the effectiveness of content distribution and increase reach and visibility."}]},{"type":"heading","attrs":{"textAlign":"left","level":2},"content":[{"type":"text","text":"Predictive Analytics"}]},{"type":"paragraph","attrs":{"textAlign":"start"},"content":[{"type":"text","text":"AI algorithms can analyze data to predict future trends and behavior. This can help businesses make data-driven decisions and improve their content strategies. Predictive analytics can also help in identifying potential issues or opportunities, allowing businesses to make proactive changes."}]},{"type":"heading","attrs":{"textAlign":"left","level":2},"content":[{"type":"text","text":"Improved User Experience"}]},{"type":"paragraph","attrs":{"textAlign":"start"},"content":[{"type":"text","text":"AI-powered tools can improve the overall user experience by providing personalized recommendations, streamlined navigation, and more relevant content. This can increase user satisfaction and loyalty, leading to higher retention rates and revenue."}]},{"type":"paragraph","attrs":{"textAlign":"start"},"content":[{"type":"text","text":"In conclusion, AI is bringing numerous benefits to the digital content industry. From personalized content experiences to automated content creation, AI-powered tools are making it possible for businesses to create, manage, and distribute content more efficiently and effectively. As AI technology continues to evolve, businesses can expect even more advanced capabilities and benefits from AI-powered digital content solutions."}]}]}',NULL,'<p>Artificial Intelligence (AI) is transforming the digital content industry by enabling content creators and marketers to create, manage, and distribute content more efficiently and effectively. AI-powered tools are making it possible to personalize content for individual users, optimize content for search engines, and even automate content creation. In this article, we will explore how AI is bringing benefits to the digital content industry.</p><h2>Personalization</h2><p style="text-align: start">AI algorithms can analyze user data, such as browsing behavior and past interactions, to create personalized content experiences for individual users. This can improve engagement and increase user satisfaction, leading to higher retention rates and conversions.</p><h2>Optimization</h2><p style="text-align: start">AI-powered tools can analyze content and provide recommendations for optimization. This includes identifying keywords, improving readability, and enhancing the overall structure and flow of the content. AI can also analyze user behavior to determine which content performs best and provide insights for future content creation.</p><h2>Automated Content Creation</h2><p style="text-align: start">AI algorithms can generate content ideas and even write content. This can save time and resources for content creators while ensuring that the content is relevant and engaging.</p><h2>Content Distribution</h2><p style="text-align: start">AI-powered tools can analyze user data to determine the best channels and times to distribute content for maximum engagement. This can improve the effectiveness of content distribution and increase reach and visibility.</p><h2>Predictive Analytics</h2><p style="text-align: start">AI algorithms can analyze data to predict future trends and behavior. This can help businesses make data-driven decisions and improve their content strategies. Predictive analytics can also help in identifying potential issues or opportunities, allowing businesses to make proactive changes.</p><h2>Improved User Experience</h2><p style="text-align: start">AI-powered tools can improve the overall user experience by providing personalized recommendations, streamlined navigation, and more relevant content. This can increase user satisfaction and loyalty, leading to higher retention rates and revenue.</p><p style="text-align: start">In conclusion, AI is bringing numerous benefits to the digital content industry. From personalized content experiences to automated content creation, AI-powered tools are making it possible for businesses to create, manage, and distribute content more efficiently and effectively. As AI technology continues to evolve, businesses can expect even more advanced capabilities and benefits from AI-powered digital content solutions.</p>','645cf7e86c7c7c27389780a2',replace('Artificial Intelligence (AI) is transforming the digital content industry by enabling content creators and marketers to create, manage, and distribute content more efficiently and effectively. AI-powered tools are making it possible to personalize content for individual users, optimize content for search engines, and even automate content creation. In this article, we will explore how AI is bringing benefits to the digital content industry.\n\nPersonalization\n\nAI algorithms can analyze user data, such as browsing behavior and past interactions, to create personalized content experiences for individual users. This can improve engagement and increase user satisfaction, leading to higher retention rates and conversions.\n\nOptimization\n\nAI-powered tools can analyze content and provide recommendations for optimization. This includes identifying keywords, improving readability, and enhancing the overall structure and flow of the content. AI can also analyze user behavior to determine which content performs best and provide insights for future content creation.\n\nAutomated Content Creation\n\nAI algorithms can generate content ideas and even write content. This can save time and resources for content creators while ensuring that the content is relevant and engaging.\n\nContent Distribution\n\nAI-powered tools can analyze user data to determine the best channels and times to distribute content for maximum engagement. This can improve the effectiveness of content distribution and increase reach and visibility.\n\nPredictive Analytics\n\nAI algorithms can analyze data to predict future trends and behavior. This can help businesses make data-driven decisions and improve their content strategies. Predictive analytics can also help in identifying potential issues or opportunities, allowing businesses to make proactive changes.\n\nImproved User Experience\n\nAI-powered tools can improve the overall user experience by providing personalized recommendations, streamlined navigation, and more relevant content. This can increase user satisfaction and loyalty, leading to higher retention rates and revenue.\n\nIn conclusion, AI is bringing numerous benefits to the digital content industry. From personalized content experiences to automated content creation, AI-powered tools are making it possible for businesses to create, manage, and distribute content more efficiently and effectively. As AI technology continues to evolve, businesses can expect even more advanced capabilities and benefits from AI-powered digital content solutions.','\n',char(10)),'/content/en-us/images/size/_raw/2023/05/645cf7e86c7c7c27389780a1_blurred-night-lights.jpg',1,'post','published','en-us','public','all','2023-05-11T14:12','1','2023-05-11T14:12','1','2023-05-11T14:13','1','Artificial Intelligence (AI) is transforming the digital content industry by enabling content creators and marketers to create, manage, and distribute content more efficiently and effectively.',NULL,NULL,NULL,NULL,NULL);
INSERT INTO posts VALUES('645cf86e6c7c7c27389780a3','2360b917-41f4-44ca-8a0a-057a6b24fcd3','How AI Integration with CMS will Bring a Bright Future to Any System','how-ai-integration-with-cms-will-bring-a-bright-future-to-any-system','{"type":"doc","content":[{"type":"paragraph","attrs":{"textAlign":"left"},"content":[{"type":"text","text":"Artificial Intelligence (AI) is transforming the way businesses operate and is becoming increasingly integrated with Content Management Systems (CMS). By combining AI with CMS, businesses can unlock new capabilities and insights that were previously impossible to achieve. In this article, we will explore how AI integration with CMS will bring a bright future to any system."}]},{"type":"heading","attrs":{"textAlign":"left","level":2},"content":[{"type":"text","text":"Automated Content Creation"}]},{"type":"paragraph","attrs":{"textAlign":"left"},"content":[{"type":"text","text":"AI algorithms can generate content ideas and even write content. By integrating AI with CMS, businesses can automate the content creation process, saving time and resources while ensuring that the content is relevant and engaging. This can also free up content creators to focus on higher-level tasks, such as strategy and planning."}]},{"type":"heading","attrs":{"textAlign":"left","level":2},"content":[{"type":"text","text":"Personalized Content Delivery"}]},{"type":"paragraph","attrs":{"textAlign":"left"},"content":[{"type":"text","text":"AI algorithms can analyze user data to create personalized content experiences for individual users. By integrating AI with CMS, businesses can deliver content that is tailored to each user''s preferences, interests, and needs. This can improve engagement and increase user satisfaction, leading to higher retention rates and conversions."}]},{"type":"heading","attrs":{"textAlign":"left","level":2},"content":[{"type":"text","text":"Predictive Analytics"}]},{"type":"paragraph","attrs":{"textAlign":"left"},"content":[{"type":"text","text":"AI algorithms can analyze data to predict future trends and behavior. By integrating AI with CMS, businesses can use predictive analytics to make data-driven decisions and improve their content strategies. Predictive analytics can also help in identifying potential issues or opportunities, allowing businesses to make proactive changes."}]},{"type":"heading","attrs":{"textAlign":"left","level":2},"content":[{"type":"text","text":"Improved Search"}]},{"type":"paragraph","attrs":{"textAlign":"left"},"content":[{"type":"text","text":"AI algorithms can improve search capabilities within CMS by analyzing user search queries and providing relevant results. By integrating AI with CMS, businesses can enhance the user experience by providing accurate and timely search results, reducing frustration and improving engagement."}]},{"type":"heading","attrs":{"textAlign":"left","level":2},"content":[{"type":"text","text":"Chatbots"}]},{"type":"paragraph","attrs":{"textAlign":"left"},"content":[{"type":"text","text":"AI-powered chatbots can provide a personalized and responsive support experience. By integrating AI with CMS, businesses can use chatbots to answer user queries, provide information, and even handle basic issues, freeing up support teams to handle more complex problems."}]},{"type":"paragraph","attrs":{"textAlign":"left"},"content":[{"type":"text","text":"In conclusion, integrating AI with CMS can bring numerous benefits to any system. From automated content creation to personalized content delivery, predictive analytics, improved search, and chatbots, businesses can use AI to unlock new capabilities and insights that were previously impossible to achieve. As AI technology continues to evolve, businesses can expect even more advanced capabilities and benefits from AI-powered CMS solutions."}]}]}',NULL,'<p>Artificial Intelligence (AI) is transforming the way businesses operate and is becoming increasingly integrated with Content Management Systems (CMS). By combining AI with CMS, businesses can unlock new capabilities and insights that were previously impossible to achieve. In this article, we will explore how AI integration with CMS will bring a bright future to any system.</p><h2>Automated Content Creation</h2><p>AI algorithms can generate content ideas and even write content. By integrating AI with CMS, businesses can automate the content creation process, saving time and resources while ensuring that the content is relevant and engaging. This can also free up content creators to focus on higher-level tasks, such as strategy and planning.</p><h2>Personalized Content Delivery</h2><p>AI algorithms can analyze user data to create personalized content experiences for individual users. By integrating AI with CMS, businesses can deliver content that is tailored to each user''s preferences, interests, and needs. This can improve engagement and increase user satisfaction, leading to higher retention rates and conversions.</p><h2>Predictive Analytics</h2><p>AI algorithms can analyze data to predict future trends and behavior. By integrating AI with CMS, businesses can use predictive analytics to make data-driven decisions and improve their content strategies. Predictive analytics can also help in identifying potential issues or opportunities, allowing businesses to make proactive changes.</p><h2>Improved Search</h2><p>AI algorithms can improve search capabilities within CMS by analyzing user search queries and providing relevant results. By integrating AI with CMS, businesses can enhance the user experience by providing accurate and timely search results, reducing frustration and improving engagement.</p><h2>Chatbots</h2><p>AI-powered chatbots can provide a personalized and responsive support experience. By integrating AI with CMS, businesses can use chatbots to answer user queries, provide information, and even handle basic issues, freeing up support teams to handle more complex problems.</p><p>In conclusion, integrating AI with CMS can bring numerous benefits to any system. From automated content creation to personalized content delivery, predictive analytics, improved search, and chatbots, businesses can use AI to unlock new capabilities and insights that were previously impossible to achieve. As AI technology continues to evolve, businesses can expect even more advanced capabilities and benefits from AI-powered CMS solutions.</p>','645cf86e6c7c7c27389780a4',replace('Artificial Intelligence (AI) is transforming the way businesses operate and is becoming increasingly integrated with Content Management Systems (CMS). By combining AI with CMS, businesses can unlock new capabilities and insights that were previously impossible to achieve. In this article, we will explore how AI integration with CMS will bring a bright future to any system.\n\nAutomated Content Creation\n\nAI algorithms can generate content ideas and even write content. By integrating AI with CMS, businesses can automate the content creation process, saving time and resources while ensuring that the content is relevant and engaging. This can also free up content creators to focus on higher-level tasks, such as strategy and planning.\n\nPersonalized Content Delivery\n\nAI algorithms can analyze user data to create personalized content experiences for individual users. By integrating AI with CMS, businesses can deliver content that is tailored to each user''s preferences, interests, and needs. This can improve engagement and increase user satisfaction, leading to higher retention rates and conversions.\n\nPredictive Analytics\n\nAI algorithms can analyze data to predict future trends and behavior. By integrating AI with CMS, businesses can use predictive analytics to make data-driven decisions and improve their content strategies. Predictive analytics can also help in identifying potential issues or opportunities, allowing businesses to make proactive changes.\n\nImproved Search\n\nAI algorithms can improve search capabilities within CMS by analyzing user search queries and providing relevant results. By integrating AI with CMS, businesses can enhance the user experience by providing accurate and timely search results, reducing frustration and improving engagement.\n\nChatbots\n\nAI-powered chatbots can provide a personalized and responsive support experience. By integrating AI with CMS, businesses can use chatbots to answer user queries, provide information, and even handle basic issues, freeing up support teams to handle more complex problems.\n\nIn conclusion, integrating AI with CMS can bring numerous benefits to any system. From automated content creation to personalized content delivery, predictive analytics, improved search, and chatbots, businesses can use AI to unlock new capabilities and insights that were previously impossible to achieve. As AI technology continues to evolve, businesses can expect even more advanced capabilities and benefits from AI-powered CMS solutions.','\n',char(10)),'/content/en-us/images/size/_raw/2023/05/645cf86e6c7c7c27389780a3_3d-digital-landscape-modern-technology-background.jpg',0,'post','published','en-us','public','all','2023-05-11T14:15','1','2023-05-11T14:15','1','2023-05-11T14:17','1','Artificial Intelligence (AI) is transforming the way businesses operate and is becoming increasingly integrated with Content Management Systems (CMS).',NULL,NULL,NULL,NULL,NULL);
INSERT INTO posts VALUES('645cf95c6c7c7c27389780a5','ac3b959e-71dc-449c-a818-c709faa0b075','How CMS Powered by AI will Change the World','how-cms-powered-by-ai-will-change-the-world','{"type":"doc","content":[{"type":"paragraph","attrs":{"textAlign":"left"},"content":[{"type":"text","text":"Content Management Systems (CMS) are an essential part of many businesses, enabling them to create, manage, and distribute content. However, the integration of Artificial Intelligence (AI) with CMS is set to revolutionize the digital landscape. AI-powered CMS will change the way businesses operate, interact with customers, and even impact society as a whole. In this article, we will explore how CMS powered by AI will change the world."}]},{"type":"heading","attrs":{"textAlign":"left","level":2},"content":[{"type":"text","text":"Automated Content Creation"}]},{"type":"paragraph","attrs":{"textAlign":"left"},"content":[{"type":"text","text":"AI-powered CMS can generate content ideas and even write content. This can save time and resources for content creators while ensuring that the content is relevant and engaging. This can also free up content creators to focus on higher-level tasks, such as strategy and planning."}]},{"type":"heading","attrs":{"textAlign":"left","level":2},"content":[{"type":"text","text":"Personalized Content Delivery"}]},{"type":"paragraph","attrs":{"textAlign":"left"},"content":[{"type":"text","text":"AI-powered CMS can analyze user data to create personalized content experiences for individual users. This can improve engagement and increase user satisfaction, leading to higher retention rates and conversions. Personalized content delivery can also improve customer loyalty and drive revenue growth."}]},{"type":"heading","attrs":{"textAlign":"left","level":2},"content":[{"type":"text","text":"Predictive Analytics"}]},{"type":"paragraph","attrs":{"textAlign":"left"},"content":[{"type":"text","text":"AI-powered CMS can analyze data to predict future trends and behavior. This can help businesses make data-driven decisions and improve their content strategies. Predictive analytics can also help in identifying potential issues or opportunities, allowing businesses to make proactive changes."}]},{"type":"heading","attrs":{"textAlign":"left","level":2},"content":[{"type":"text","text":"Improved Search"}]},{"type":"paragraph","attrs":{"textAlign":"left"},"content":[{"type":"text","text":"AI-powered CMS can improve search capabilities by analyzing user search queries and providing relevant results. This can enhance the user experience by providing accurate and timely search results, reducing frustration and improving engagement."}]},{"type":"heading","attrs":{"textAlign":"left","level":2},"content":[{"type":"text","text":"Chatbots"}]},{"type":"paragraph","attrs":{"textAlign":"left"},"content":[{"type":"text","text":"AI-powered chatbots can provide a personalized and responsive support experience. This can help businesses provide support around the clock, improving customer satisfaction and reducing support costs."}]},{"type":"heading","attrs":{"textAlign":"left","level":2},"content":[{"type":"text","text":"Social Media Management"}]},{"type":"paragraph","attrs":{"textAlign":"left"},"content":[{"type":"text","text":"AI-powered CMS can analyze social media data and provide insights into customer behavior and preferences. This can help businesses optimize their social media strategies, improve engagement, and drive revenue growth."}]},{"type":"paragraph","attrs":{"textAlign":"left"},"content":[{"type":"text","text":"In conclusion, CMS powered by AI has the potential to revolutionize the way businesses operate and interact with customers. From automated content creation to personalized content delivery, predictive analytics, improved search, chatbots, and social media management, AI-powered CMS can unlock new capabilities and insights that were previously impossible to achieve. As AI technology continues to evolve, businesses can expect even more advanced capabilities and benefits from AI-powered CMS solutions. The future of CMS is AI, and the possibilities are limitless."}]}]}',NULL,'<p>Content Management Systems (CMS) are an essential part of many businesses, enabling them to create, manage, and distribute content. However, the integration of Artificial Intelligence (AI) with CMS is set to revolutionize the digital landscape. AI-powered CMS will change the way businesses operate, interact with customers, and even impact society as a whole. In this article, we will explore how CMS powered by AI will change the world.</p><h2>Automated Content Creation</h2><p>AI-powered CMS can generate content ideas and even write content. This can save time and resources for content creators while ensuring that the content is relevant and engaging. This can also free up content creators to focus on higher-level tasks, such as strategy and planning.</p><h2>Personalized Content Delivery</h2><p>AI-powered CMS can analyze user data to create personalized content experiences for individual users. This can improve engagement and increase user satisfaction, leading to higher retention rates and conversions. Personalized content delivery can also improve customer loyalty and drive revenue growth.</p><h2>Predictive Analytics</h2><p>AI-powered CMS can analyze data to predict future trends and behavior. This can help businesses make data-driven decisions and improve their content strategies. Predictive analytics can also help in identifying potential issues or opportunities, allowing businesses to make proactive changes.</p><h2>Improved Search</h2><p>AI-powered CMS can improve search capabilities by analyzing user search queries and providing relevant results. This can enhance the user experience by providing accurate and timely search results, reducing frustration and improving engagement.</p><h2>Chatbots</h2><p>AI-powered chatbots can provide a personalized and responsive support experience. This can help businesses provide support around the clock, improving customer satisfaction and reducing support costs.</p><h2>Social Media Management</h2><p>AI-powered CMS can analyze social media data and provide insights into customer behavior and preferences. This can help businesses optimize their social media strategies, improve engagement, and drive revenue growth.</p><p>In conclusion, CMS powered by AI has the potential to revolutionize the way businesses operate and interact with customers. From automated content creation to personalized content delivery, predictive analytics, improved search, chatbots, and social media management, AI-powered CMS can unlock new capabilities and insights that were previously impossible to achieve. As AI technology continues to evolve, businesses can expect even more advanced capabilities and benefits from AI-powered CMS solutions. The future of CMS is AI, and the possibilities are limitless.</p>','645cf95c6c7c7c27389780a6',replace('Content Management Systems (CMS) are an essential part of many businesses, enabling them to create, manage, and distribute content. However, the integration of Artificial Intelligence (AI) with CMS is set to revolutionize the digital landscape. AI-powered CMS will change the way businesses operate, interact with customers, and even impact society as a whole. In this article, we will explore how CMS powered by AI will change the world.\n\nAutomated Content Creation\n\nAI-powered CMS can generate content ideas and even write content. This can save time and resources for content creators while ensuring that the content is relevant and engaging. This can also free up content creators to focus on higher-level tasks, such as strategy and planning.\n\nPersonalized Content Delivery\n\nAI-powered CMS can analyze user data to create personalized content experiences for individual users. This can improve engagement and increase user satisfaction, leading to higher retention rates and conversions. Personalized content delivery can also improve customer loyalty and drive revenue growth.\n\nPredictive Analytics\n\nAI-powered CMS can analyze data to predict future trends and behavior. This can help businesses make data-driven decisions and improve their content strategies. Predictive analytics can also help in identifying potential issues or opportunities, allowing businesses to make proactive changes.\n\nImproved Search\n\nAI-powered CMS can improve search capabilities by analyzing user search queries and providing relevant results. This can enhance the user experience by providing accurate and timely search results, reducing frustration and improving engagement.\n\nChatbots\n\nAI-powered chatbots can provide a personalized and responsive support experience. This can help businesses provide support around the clock, improving customer satisfaction and reducing support costs.\n\nSocial Media Management\n\nAI-powered CMS can analyze social media data and provide insights into customer behavior and preferences. This can help businesses optimize their social media strategies, improve engagement, and drive revenue growth.\n\nIn conclusion, CMS powered by AI has the potential to revolutionize the way businesses operate and interact with customers. From automated content creation to personalized content delivery, predictive analytics, improved search, chatbots, and social media management, AI-powered CMS can unlock new capabilities and insights that were previously impossible to achieve. As AI technology continues to evolve, businesses can expect even more advanced capabilities and benefits from AI-powered CMS solutions. The future of CMS is AI, and the possibilities are limitless.','\n',char(10)),'/content/en-us/images/size/_raw/2023/05/645cf95c6c7c7c27389780a5_abstract-blue-background-with-many-small-details-generative-ai.jpg',0,'post','published','en-us','public','all','2023-05-11T14:19','1','2023-05-11T14:19','1','2023-05-11T14:21','1','Content Management Systems (CMS) are an essential part of many businesses, enabling them to create, manage, and distribute content. However, the integration of Artificial Intelligence (AI) with CMS is set to revolutionize the digital landscape. ',NULL,NULL,NULL,NULL,NULL);
INSERT INTO posts VALUES('645cfb656c7c7c27389780a9','87d96d6c-e28d-4d75-91cf-1cab2d7658e4','Vontigo is the 1st open-source CMS with AI feature out of the box!','vontigo-is-the-1st-open-source-cms-with-ai-feature-out-of-the-box','{"type":"doc","content":[{"type":"paragraph","attrs":{"textAlign":"left"},"content":[{"type":"text","text":"Open-Source Vontigo CMS with AI Out of the Box Core Features will Bring a lot of Benefits for Businesses and Users Around the World"}]},{"type":"paragraph","attrs":{"textAlign":"start"},"content":[{"type":"text","text":"Content Management Systems (CMS) have become essential for businesses of all sizes. They enable businesses to create, manage, and distribute content effectively. However, the integration of Artificial Intelligence (AI) with CMS is set to revolutionize the digital landscape. Open-source Vontigo CMS with AI out of the box core features is a game-changer. It will bring a lot of benefits for businesses and users around the world."}]},{"type":"heading","attrs":{"textAlign":"left","level":2},"content":[{"type":"text","text":"Automated Content Creation"}]},{"type":"paragraph","attrs":{"textAlign":"start"},"content":[{"type":"text","text":"Open-source Vontigo CMS with AI out of the box core features can generate content ideas and even write content. This can save time and resources for content creators while ensuring that the content is relevant and engaging. This can also free up content creators to focus on higher-level tasks, such as strategy and planning."}]},{"type":"heading","attrs":{"textAlign":"left","level":2},"content":[{"type":"text","text":"Personalized Content Delivery"}]},{"type":"paragraph","attrs":{"textAlign":"start"},"content":[{"type":"text","text":"Open-source Vontigo CMS with AI out of the box core features can analyze user data to create personalized content experiences for individual users. This can improve engagement and increase user satisfaction, leading to higher retention rates and conversions. Personalized content delivery can also improve customer loyalty and drive revenue growth."}]},{"type":"heading","attrs":{"textAlign":"left","level":2},"content":[{"type":"text","text":"Predictive Analytics"}]},{"type":"paragraph","attrs":{"textAlign":"start"},"content":[{"type":"text","text":"Open-source Vontigo CMS with AI out of the box core features can analyze data to predict future trends and behavior. This can help businesses make data-driven decisions and improve their content strategies. Predictive analytics can also help in identifying potential issues or opportunities, allowing businesses to make proactive changes."}]},{"type":"heading","attrs":{"textAlign":"left","level":2},"content":[{"type":"text","text":"Improved Search"}]},{"type":"paragraph","attrs":{"textAlign":"start"},"content":[{"type":"text","text":"Open-source Vontigo CMS with AI out of the box core features can improve search capabilities by analyzing user search queries and providing relevant results. This can enhance the user experience by providing accurate and timely search results, reducing frustration and improving engagement."}]},{"type":"heading","attrs":{"textAlign":"left","level":2},"content":[{"type":"text","text":"Chatbots"}]},{"type":"paragraph","attrs":{"textAlign":"start"},"content":[{"type":"text","text":"Open-source Vontigo CMS with AI out of the box core features can provide a personalized and responsive support experience. This can help businesses provide support around the clock, improving customer satisfaction and reducing support costs."}]},{"type":"heading","attrs":{"textAlign":"left","level":2},"content":[{"type":"text","text":"Social Media Management"}]},{"type":"paragraph","attrs":{"textAlign":"start"},"content":[{"type":"text","text":"Open-source Vontigo CMS with AI out of the box core features can analyze social media data and provide insights into customer behavior and preferences. This can help businesses optimize their social media strategies, improve engagement, and drive revenue growth."}]},{"type":"heading","attrs":{"textAlign":"left","level":2},"content":[{"type":"text","text":"Cost-Effective Solution"}]},{"type":"paragraph","attrs":{"textAlign":"start"},"content":[{"type":"text","text":"Open-source Vontigo CMS with AI out of the box core features is a cost-effective solution for businesses of all sizes. It is an open-source platform, which means businesses do not have to pay for expensive licenses. Additionally, the AI features are built into the core of the CMS, eliminating the need for additional plugins or third-party software."}]},{"type":"paragraph","attrs":{"textAlign":"start"},"content":[{"type":"text","text":"In conclusion, open-source Vontigo CMS with AI out of the box core features is a game-changer for businesses and users around the world. It offers numerous benefits, including automated content creation, personalized content delivery, predictive analytics, improved search, chatbots, social media management, and a cost-effective solution. This CMS provides businesses with the tools they need to stay ahead of the competition and provide"}]}]}',NULL,'<p>Open-Source Vontigo CMS with AI Out of the Box Core Features will Bring a lot of Benefits for Businesses and Users Around the World</p><p style="text-align: start">Content Management Systems (CMS) have become essential for businesses of all sizes. They enable businesses to create, manage, and distribute content effectively. However, the integration of Artificial Intelligence (AI) with CMS is set to revolutionize the digital landscape. Open-source Vontigo CMS with AI out of the box core features is a game-changer. It will bring a lot of benefits for businesses and users around the world.</p><h2>Automated Content Creation</h2><p style="text-align: start">Open-source Vontigo CMS with AI out of the box core features can generate content ideas and even write content. This can save time and resources for content creators while ensuring that the content is relevant and engaging. This can also free up content creators to focus on higher-level tasks, such as strategy and planning.</p><h2>Personalized Content Delivery</h2><p style="text-align: start">Open-source Vontigo CMS with AI out of the box core features can analyze user data to create personalized content experiences for individual users. This can improve engagement and increase user satisfaction, leading to higher retention rates and conversions. Personalized content delivery can also improve customer loyalty and drive revenue growth.</p><h2>Predictive Analytics</h2><p style="text-align: start">Open-source Vontigo CMS with AI out of the box core features can analyze data to predict future trends and behavior. This can help businesses make data-driven decisions and improve their content strategies. Predictive analytics can also help in identifying potential issues or opportunities, allowing businesses to make proactive changes.</p><h2>Improved Search</h2><p style="text-align: start">Open-source Vontigo CMS with AI out of the box core features can improve search capabilities by analyzing user search queries and providing relevant results. This can enhance the user experience by providing accurate and timely search results, reducing frustration and improving engagement.</p><h2>Chatbots</h2><p style="text-align: start">Open-source Vontigo CMS with AI out of the box core features can provide a personalized and responsive support experience. This can help businesses provide support around the clock, improving customer satisfaction and reducing support costs.</p><h2>Social Media Management</h2><p style="text-align: start">Open-source Vontigo CMS with AI out of the box core features can analyze social media data and provide insights into customer behavior and preferences. This can help businesses optimize their social media strategies, improve engagement, and drive revenue growth.</p><h2>Cost-Effective Solution</h2><p style="text-align: start">Open-source Vontigo CMS with AI out of the box core features is a cost-effective solution for businesses of all sizes. It is an open-source platform, which means businesses do not have to pay for expensive licenses. Additionally, the AI features are built into the core of the CMS, eliminating the need for additional plugins or third-party software.</p><p style="text-align: start">In conclusion, open-source Vontigo CMS with AI out of the box core features is a game-changer for businesses and users around the world. It offers numerous benefits, including automated content creation, personalized content delivery, predictive analytics, improved search, chatbots, social media management, and a cost-effective solution. This CMS provides businesses with the tools they need to stay ahead of the competition and provide</p>','645cfb656c7c7c27389780aa',replace('Open-Source Vontigo CMS with AI Out of the Box Core Features will Bring a lot of Benefits for Businesses and Users Around the World\n\nContent Management Systems (CMS) have become essential for businesses of all sizes. They enable businesses to create, manage, and distribute content effectively. However, the integration of Artificial Intelligence (AI) with CMS is set to revolutionize the digital landscape. Open-source Vontigo CMS with AI out of the box core features is a game-changer. It will bring a lot of benefits for businesses and users around the world.\n\nAutomated Content Creation\n\nOpen-source Vontigo CMS with AI out of the box core features can generate content ideas and even write content. This can save time and resources for content creators while ensuring that the content is relevant and engaging. This can also free up content creators to focus on higher-level tasks, such as strategy and planning.\n\nPersonalized Content Delivery\n\nOpen-source Vontigo CMS with AI out of the box core features can analyze user data to create personalized content experiences for individual users. This can improve engagement and increase user satisfaction, leading to higher retention rates and conversions. Personalized content delivery can also improve customer loyalty and drive revenue growth.\n\nPredictive Analytics\n\nOpen-source Vontigo CMS with AI out of the box core features can analyze data to predict future trends and behavior. This can help businesses make data-driven decisions and improve their content strategies. Predictive analytics can also help in identifying potential issues or opportunities, allowing businesses to make proactive changes.\n\nImproved Search\n\nOpen-source Vontigo CMS with AI out of the box core features can improve search capabilities by analyzing user search queries and providing relevant results. This can enhance the user experience by providing accurate and timely search results, reducing frustration and improving engagement.\n\nChatbots\n\nOpen-source Vontigo CMS with AI out of the box core features can provide a personalized and responsive support experience. This can help businesses provide support around the clock, improving customer satisfaction and reducing support costs.\n\nSocial Media Management\n\nOpen-source Vontigo CMS with AI out of the box core features can analyze social media data and provide insights into customer behavior and preferences. This can help businesses optimize their social media strategies, improve engagement, and drive revenue growth.\n\nCost-Effective Solution\n\nOpen-source Vontigo CMS with AI out of the box core features is a cost-effective solution for businesses of all sizes. It is an open-source platform, which means businesses do not have to pay for expensive licenses. Additionally, the AI features are built into the core of the CMS, eliminating the need for additional plugins or third-party software.\n\nIn conclusion, open-source Vontigo CMS with AI out of the box core features is a game-changer for businesses and users around the world. It offers numerous benefits, including automated content creation, personalized content delivery, predictive analytics, improved search, chatbots, social media management, and a cost-effective solution. This CMS provides businesses with the tools they need to stay ahead of the competition and provide','\n',char(10)),'/content/en-us/images/size/_raw/2023/05/645cfb656c7c7c27389780a9_glowing-blue-molecular-structure-laboratory-research-generated-by-ai.jpg',0,'post','published','en-us','public','all','2023-05-11T14:27','1','2023-05-11T14:27','1','2023-05-11T14:29','1','Open-source Vontigo CMS with AI out of the box core features is a game-changer. It will bring a lot of benefits for businesses and users around the world.',NULL,NULL,NULL,NULL,NULL);
INSERT INTO posts VALUES('645cfbf96c7c7c27389780ab','8f410b8f-2e8f-4dd1-9918-4fb70eb0a143','Your new post is here...','draft-slug-645cfbf96c7c7c27389780ab',NULL,NULL,NULL,'645cfbf96c7c7c27389780ac',NULL,NULL,0,'post','draft','en-us','public','all','2023-05-11T14:30','1','2023-05-11T14:30','1',NULL,NULL,NULL,NULL,NULL,NULL,NULL,NULL);
CREATE TABLE `posts_meta` (`id` varchar(24) not null, `post_id` varchar(24) not null, `og_image` varchar(2000) null, `og_title` varchar(300) null, `og_description` varchar(500) null, `twitter_image` varchar(2000) null, `twitter_title` varchar(300) null, `twitter_description` varchar(500) null, `meta_title` varchar(2000) null, `meta_description` varchar(2000) null, `email_subject` varchar(300) null, `frontmatter` text null, `feature_image_alt` varchar(191) null, `feature_image_caption` text null, `email_only` boolean not null default '0', foreign key(`post_id`) references `posts`(`id`), primary key (`id`));
CREATE TABLE `posts_authors` (`id` varchar(24) not null, `post_id` varchar(24) not null, `author_id` varchar(24) not null, `sort_order` integer not null default '0', foreign key(`post_id`) references `posts`(`id`), foreign key(`author_id`) references `users`(`id`), primary key (`id`));
INSERT INTO posts_authors VALUES('643c326e002137342cf323aa','643c326e002137342cf323a9','1',0);
INSERT INTO posts_authors VALUES('64415226f228f05bd1c8e114','64415225f228f05bd1c8e113','1',0);
INSERT INTO posts_authors VALUES('644153a3f228f05bd1c8e12f','644153a3f228f05bd1c8e12e','1',0);
INSERT INTO posts_authors VALUES('64415446f228f05bd1c8e147','64415446f228f05bd1c8e146','1',0);
INSERT INTO posts_authors VALUES('6441549ff228f05bd1c8e154','6441549ff228f05bd1c8e153','1',0);
INSERT INTO posts_authors VALUES('644e2efe865024b3fcce5fd9','644154e9f228f05bd1c8e15f','1',0);
INSERT INTO posts_authors VALUES('644e2f01865024b3fcce5fdb','644e245eaeb8d80868c6e4c3','1',0);
INSERT INTO posts_authors VALUES('644e4d4e97ea9a7e217d2469','643c3269002137342cf323a7','1',0);
INSERT INTO posts_authors VALUES('645cf3e8c64ba87568acb096','645cf2a06c7c7c2738978099','1',0);
INSERT INTO posts_authors VALUES('645cf6b59c446481ba914917','645cf6336c7c7c273897809d','1',0);
INSERT INTO posts_authors VALUES('645cf77e9c446481ba914919','645cf6c76c7c7c273897809f','1',0);
INSERT INTO posts_authors VALUES('645cf8209c446481ba91491b','645cf7e86c7c7c27389780a1','1',0);
INSERT INTO posts_authors VALUES('645cfa09463678c1113997f7','645cf95c6c7c7c27389780a5','1',0);
INSERT INTO posts_authors VALUES('645cfb27463678c1113997f8','645cfa716c7c7c27389780a7','1',0);
CREATE TABLE `roles` (`id` varchar(24) not null, `name` varchar(50) not null, `description` varchar(2000) null, `created_at` datetime not null, `created_by` varchar(24) not null, `updated_at` datetime null, `updated_by` varchar(24) null, primary key (`id`));
INSERT INTO roles VALUES('643c3268002137342cf3232a','Administrator','Administrators','2023-04-16 17:37:44','1','2023-04-16 17:37:44','1');
INSERT INTO roles VALUES('643c3268002137342cf3232b','Editor','Editors','2023-04-16 17:37:44','1','2023-04-16 17:37:44','1');
INSERT INTO roles VALUES('643c3268002137342cf3232c','Author','Authors','2023-04-16 17:37:44','1','2023-04-16 17:37:44','1');
INSERT INTO roles VALUES('643c3268002137342cf3232d','Contributor','Contributors','2023-04-16 17:37:44','1','2023-04-16 17:37:44','1');
INSERT INTO roles VALUES('643c3268002137342cf3232e','Owner','Blog Owner','2023-04-16 17:37:44','1','2023-04-16 17:37:44','1');
INSERT INTO roles VALUES('643c3268002137342cf3232f','Admin Integration','External Apps','2023-04-16 17:37:44','1','2023-04-16 17:37:44','1');
INSERT INTO roles VALUES('643c3268002137342cf32330','Ghost Explore Integration','Internal Integration for the Ghost Explore directory','2023-04-16 17:37:44','1','2023-04-16 17:37:44','1');
INSERT INTO roles VALUES('643c3268002137342cf32331','Self-Serve Migration Integration','Internal Integration for the Self-Serve migration tool','2023-04-16 17:37:44','1','2023-04-16 17:37:44','1');
INSERT INTO roles VALUES('643c3268002137342cf32332','DB Backup Integration','Internal DB Backup Client','2023-04-16 17:37:44','1','2023-04-16 17:37:44','1');
INSERT INTO roles VALUES('643c3268002137342cf32333','Scheduler Integration','Internal Scheduler Client','2023-04-16 17:37:44','1','2023-04-16 17:37:44','1');
CREATE TABLE `roles_users` (`id` varchar(24) not null, `role_id` varchar(24) not null, `user_id` varchar(24) not null, primary key (`id`));
INSERT INTO roles_users VALUES('643c3268002137342cf32334','643c3268002137342cf3232e','1');
CREATE TABLE `permissions` (`id` varchar(24) not null, `name` varchar(50) not null, `object_type` varchar(50) not null, `action_type` varchar(50) not null, `object_id` varchar(24) null, `created_at` datetime not null, `created_by` varchar(24) not null, `updated_at` datetime null, `updated_by` varchar(24) null, primary key (`id`));
INSERT INTO permissions VALUES('643c3268002137342cf32339','Read explore data','explore','read',NULL,'2023-04-16 17:37:44','1','2023-04-16 17:37:44','1');
INSERT INTO permissions VALUES('643c3268002137342cf3233a','Export database','db','exportContent',NULL,'2023-04-16 17:37:44','1','2023-04-16 17:37:44','1');
INSERT INTO permissions VALUES('643c3268002137342cf3233b','Import database','db','importContent',NULL,'2023-04-16 17:37:44','1','2023-04-16 17:37:44','1');
INSERT INTO permissions VALUES('643c3268002137342cf3233c','Delete all content','db','deleteAllContent',NULL,'2023-04-16 17:37:44','1','2023-04-16 17:37:44','1');
INSERT INTO permissions VALUES('643c3268002137342cf3233d','Send mail','mail','send',NULL,'2023-04-16 17:37:44','1','2023-04-16 17:37:44','1');
INSERT INTO permissions VALUES('643c3268002137342cf3233e','Browse notifications','notification','browse',NULL,'2023-04-16 17:37:44','1','2023-04-16 17:37:44','1');
INSERT INTO permissions VALUES('643c3268002137342cf3233f','Add notifications','notification','add',NULL,'2023-04-16 17:37:44','1','2023-04-16 17:37:44','1');
INSERT INTO permissions VALUES('643c3268002137342cf32340','Delete notifications','notification','destroy',NULL,'2023-04-16 17:37:44','1','2023-04-16 17:37:44','1');
INSERT INTO permissions VALUES('643c3268002137342cf32341','Browse posts','post','browse',NULL,'2023-04-16 17:37:44','1','2023-04-16 17:37:44','1');
INSERT INTO permissions VALUES('643c3268002137342cf32342','Read posts','post','read',NULL,'2023-04-16 17:37:44','1','2023-04-16 17:37:44','1');
INSERT INTO permissions VALUES('643c3268002137342cf32343','Edit posts','post','edit',NULL,'2023-04-16 17:37:44','1','2023-04-16 17:37:44','1');
INSERT INTO permissions VALUES('643c3268002137342cf32344','Add posts','post','add',NULL,'2023-04-16 17:37:44','1','2023-04-16 17:37:44','1');
INSERT INTO permissions VALUES('643c3268002137342cf32345','Delete posts','post','destroy',NULL,'2023-04-16 17:37:44','1','2023-04-16 17:37:44','1');
INSERT INTO permissions VALUES('643c3268002137342cf32346','Browse settings','setting','browse',NULL,'2023-04-16 17:37:44','1','2023-04-16 17:37:44','1');
INSERT INTO permissions VALUES('643c3268002137342cf32347','Read settings','setting','read',NULL,'2023-04-16 17:37:44','1','2023-04-16 17:37:44','1');
INSERT INTO permissions VALUES('643c3268002137342cf32348','Edit settings','setting','edit',NULL,'2023-04-16 17:37:44','1','2023-04-16 17:37:44','1');
INSERT INTO permissions VALUES('643c3268002137342cf32349','Generate slugs','slug','generate',NULL,'2023-04-16 17:37:44','1','2023-04-16 17:37:44','1');
INSERT INTO permissions VALUES('643c3268002137342cf3234a','Browse tags','tag','browse',NULL,'2023-04-16 17:37:44','1','2023-04-16 17:37:44','1');
INSERT INTO permissions VALUES('643c3268002137342cf3234b','Read tags','tag','read',NULL,'2023-04-16 17:37:44','1','2023-04-16 17:37:44','1');
INSERT INTO permissions VALUES('643c3268002137342cf3234c','Edit tags','tag','edit',NULL,'2023-04-16 17:37:44','1','2023-04-16 17:37:44','1');
INSERT INTO permissions VALUES('643c3268002137342cf3234d','Add tags','tag','add',NULL,'2023-04-16 17:37:44','1','2023-04-16 17:37:44','1');
INSERT INTO permissions VALUES('643c3268002137342cf3234e','Delete tags','tag','destroy',NULL,'2023-04-16 17:37:44','1','2023-04-16 17:37:44','1');
INSERT INTO permissions VALUES('643c3268002137342cf3234f','Browse themes','theme','browse',NULL,'2023-04-16 17:37:44','1','2023-04-16 17:37:44','1');
INSERT INTO permissions VALUES('643c3268002137342cf32350','Edit themes','theme','edit',NULL,'2023-04-16 17:37:44','1','2023-04-16 17:37:44','1');
INSERT INTO permissions VALUES('643c3268002137342cf32351','Activate themes','theme','activate',NULL,'2023-04-16 17:37:44','1','2023-04-16 17:37:44','1');
INSERT INTO permissions VALUES('643c3268002137342cf32352','View active theme details','theme','readActive',NULL,'2023-04-16 17:37:44','1','2023-04-16 17:37:44','1');
INSERT INTO permissions VALUES('643c3268002137342cf32353','Upload themes','theme','add',NULL,'2023-04-16 17:37:44','1','2023-04-16 17:37:44','1');
INSERT INTO permissions VALUES('643c3268002137342cf32354','Download themes','theme','read',NULL,'2023-04-16 17:37:44','1','2023-04-16 17:37:44','1');
INSERT INTO permissions VALUES('643c3268002137342cf32355','Delete themes','theme','destroy',NULL,'2023-04-16 17:37:44','1','2023-04-16 17:37:44','1');
INSERT INTO permissions VALUES('643c3268002137342cf32356','Browse users','user','browse',NULL,'2023-04-16 17:37:44','1','2023-04-16 17:37:44','1');
INSERT INTO permissions VALUES('643c3268002137342cf32357','Read users','user','read',NULL,'2023-04-16 17:37:44','1','2023-04-16 17:37:44','1');
INSERT INTO permissions VALUES('643c3268002137342cf32358','Edit users','user','edit',NULL,'2023-04-16 17:37:44','1','2023-04-16 17:37:44','1');
INSERT INTO permissions VALUES('643c3268002137342cf32359','Add users','user','add',NULL,'2023-04-16 17:37:44','1','2023-04-16 17:37:44','1');
INSERT INTO permissions VALUES('643c3268002137342cf3235a','Delete users','user','destroy',NULL,'2023-04-16 17:37:44','1','2023-04-16 17:37:44','1');
INSERT INTO permissions VALUES('643c3268002137342cf3235b','Assign a role','role','assign',NULL,'2023-04-16 17:37:44','1','2023-04-16 17:37:44','1');
INSERT INTO permissions VALUES('643c3268002137342cf3235c','Browse roles','role','browse',NULL,'2023-04-16 17:37:44','1','2023-04-16 17:37:44','1');
INSERT INTO permissions VALUES('643c3268002137342cf3235d','Browse invites','invite','browse',NULL,'2023-04-16 17:37:44','1','2023-04-16 17:37:44','1');
INSERT INTO permissions VALUES('643c3268002137342cf3235e','Read invites','invite','read',NULL,'2023-04-16 17:37:44','1','2023-04-16 17:37:44','1');
INSERT INTO permissions VALUES('643c3268002137342cf3235f','Edit invites','invite','edit',NULL,'2023-04-16 17:37:44','1','2023-04-16 17:37:44','1');
INSERT INTO permissions VALUES('643c3268002137342cf32360','Add invites','invite','add',NULL,'2023-04-16 17:37:44','1','2023-04-16 17:37:44','1');
INSERT INTO permissions VALUES('643c3268002137342cf32361','Delete invites','invite','destroy',NULL,'2023-04-16 17:37:44','1','2023-04-16 17:37:44','1');
INSERT INTO permissions VALUES('643c3268002137342cf32362','Download redirects','redirect','download',NULL,'2023-04-16 17:37:44','1','2023-04-16 17:37:44','1');
INSERT INTO permissions VALUES('643c3268002137342cf32363','Upload redirects','redirect','upload',NULL,'2023-04-16 17:37:44','1','2023-04-16 17:37:44','1');
INSERT INTO permissions VALUES('643c3268002137342cf32364','Add webhooks','webhook','add',NULL,'2023-04-16 17:37:44','1','2023-04-16 17:37:44','1');
INSERT INTO permissions VALUES('643c3268002137342cf32365','Edit webhooks','webhook','edit',NULL,'2023-04-16 17:37:44','1','2023-04-16 17:37:44','1');
INSERT INTO permissions VALUES('643c3268002137342cf32366','Delete webhooks','webhook','destroy',NULL,'2023-04-16 17:37:44','1','2023-04-16 17:37:44','1');
INSERT INTO permissions VALUES('643c3268002137342cf32367','Browse integrations','integration','browse',NULL,'2023-04-16 17:37:44','1','2023-04-16 17:37:44','1');
INSERT INTO permissions VALUES('643c3268002137342cf32368','Read integrations','integration','read',NULL,'2023-04-16 17:37:44','1','2023-04-16 17:37:44','1');
INSERT INTO permissions VALUES('643c3268002137342cf32369','Edit integrations','integration','edit',NULL,'2023-04-16 17:37:44','1','2023-04-16 17:37:44','1');
INSERT INTO permissions VALUES('643c3268002137342cf3236a','Add integrations','integration','add',NULL,'2023-04-16 17:37:44','1','2023-04-16 17:37:44','1');
INSERT INTO permissions VALUES('643c3268002137342cf3236b','Delete integrations','integration','destroy',NULL,'2023-04-16 17:37:44','1','2023-04-16 17:37:44','1');
INSERT INTO permissions VALUES('643c3268002137342cf3236c','Browse API keys','api_key','browse',NULL,'2023-04-16 17:37:44','1','2023-04-16 17:37:44','1');
INSERT INTO permissions VALUES('643c3268002137342cf3236d','Read API keys','api_key','read',NULL,'2023-04-16 17:37:44','1','2023-04-16 17:37:44','1');
INSERT INTO permissions VALUES('643c3268002137342cf3236e','Edit API keys','api_key','edit',NULL,'2023-04-16 17:37:44','1','2023-04-16 17:37:44','1');
INSERT INTO permissions VALUES('643c3268002137342cf3236f','Add API keys','api_key','add',NULL,'2023-04-16 17:37:44','1','2023-04-16 17:37:44','1');
INSERT INTO permissions VALUES('643c3268002137342cf32370','Delete API keys','api_key','destroy',NULL,'2023-04-16 17:37:44','1','2023-04-16 17:37:44','1');
INSERT INTO permissions VALUES('643c3268002137342cf32371','Browse Actions','action','browse',NULL,'2023-04-16 17:37:44','1','2023-04-16 17:37:44','1');
INSERT INTO permissions VALUES('643c3268002137342cf32372','Browse Members','member','browse',NULL,'2023-04-16 17:37:44','1','2023-04-16 17:37:44','1');
INSERT INTO permissions VALUES('643c3268002137342cf32373','Read Members','member','read',NULL,'2023-04-16 17:37:44','1','2023-04-16 17:37:44','1');
INSERT INTO permissions VALUES('643c3268002137342cf32374','Edit Members','member','edit',NULL,'2023-04-16 17:37:44','1','2023-04-16 17:37:44','1');
INSERT INTO permissions VALUES('643c3268002137342cf32375','Add Members','member','add',NULL,'2023-04-16 17:37:44','1','2023-04-16 17:37:44','1');
INSERT INTO permissions VALUES('643c3268002137342cf32376','Delete Members','member','destroy',NULL,'2023-04-16 17:37:44','1','2023-04-16 17:37:44','1');
INSERT INTO permissions VALUES('643c3268002137342cf32377','Browse Products','product','browse',NULL,'2023-04-16 17:37:44','1','2023-04-16 17:37:44','1');
INSERT INTO permissions VALUES('643c3268002137342cf32378','Read Products','product','read',NULL,'2023-04-16 17:37:44','1','2023-04-16 17:37:44','1');
INSERT INTO permissions VALUES('643c3268002137342cf32379','Edit Products','product','edit',NULL,'2023-04-16 17:37:44','1','2023-04-16 17:37:44','1');
INSERT INTO permissions VALUES('643c3268002137342cf3237a','Add Products','product','add',NULL,'2023-04-16 17:37:44','1','2023-04-16 17:37:44','1');
INSERT INTO permissions VALUES('643c3268002137342cf3237b','Delete Products','product','destroy',NULL,'2023-04-16 17:37:44','1','2023-04-16 17:37:44','1');
INSERT INTO permissions VALUES('643c3268002137342cf3237c','Publish posts','post','publish',NULL,'2023-04-16 17:37:44','1','2023-04-16 17:37:44','1');
INSERT INTO permissions VALUES('643c3268002137342cf3237d','Backup database','db','backupContent',NULL,'2023-04-16 17:37:44','1','2023-04-16 17:37:44','1');
INSERT INTO permissions VALUES('643c3268002137342cf3237e','Email preview','email_preview','read',NULL,'2023-04-16 17:37:44','1','2023-04-16 17:37:44','1');
INSERT INTO permissions VALUES('643c3268002137342cf3237f','Send test email','email_preview','sendTestEmail',NULL,'2023-04-16 17:37:44','1','2023-04-16 17:37:44','1');
INSERT INTO permissions VALUES('643c3268002137342cf32380','Browse emails','email','browse',NULL,'2023-04-16 17:37:44','1','2023-04-16 17:37:44','1');
INSERT INTO permissions VALUES('643c3268002137342cf32381','Read emails','email','read',NULL,'2023-04-16 17:37:44','1','2023-04-16 17:37:44','1');
INSERT INTO permissions VALUES('643c3268002137342cf32382','Retry emails','email','retry',NULL,'2023-04-16 17:37:44','1','2023-04-16 17:37:44','1');
INSERT INTO permissions VALUES('643c3268002137342cf32383','Browse labels','label','browse',NULL,'2023-04-16 17:37:44','1','2023-04-16 17:37:44','1');
INSERT INTO permissions VALUES('643c3268002137342cf32384','Read labels','label','read',NULL,'2023-04-16 17:37:44','1','2023-04-16 17:37:44','1');
INSERT INTO permissions VALUES('643c3268002137342cf32385','Edit labels','label','edit',NULL,'2023-04-16 17:37:44','1','2023-04-16 17:37:44','1');
INSERT INTO permissions VALUES('643c3268002137342cf32386','Add labels','label','add',NULL,'2023-04-16 17:37:44','1','2023-04-16 17:37:44','1');
INSERT INTO permissions VALUES('643c3268002137342cf32387','Delete labels','label','destroy',NULL,'2023-04-16 17:37:44','1','2023-04-16 17:37:44','1');
INSERT INTO permissions VALUES('643c3268002137342cf32388','Read member signin urls','member_signin_url','read',NULL,'2023-04-16 17:37:44','1','2023-04-16 17:37:44','1');
INSERT INTO permissions VALUES('643c3268002137342cf32389','Read identities','identity','read',NULL,'2023-04-16 17:37:44','1','2023-04-16 17:37:44','1');
INSERT INTO permissions VALUES('643c3269002137342cf3238a','Auth Stripe Connect for Members','members_stripe_connect','auth',NULL,'2023-04-16 17:37:44','1','2023-04-16 17:37:44','1');
INSERT INTO permissions VALUES('643c3269002137342cf3238b','Browse snippets','snippet','browse',NULL,'2023-04-16 17:37:45','1','2023-04-16 17:37:45','1');
INSERT INTO permissions VALUES('643c3269002137342cf3238c','Read snippets','snippet','read',NULL,'2023-04-16 17:37:45','1','2023-04-16 17:37:45','1');
INSERT INTO permissions VALUES('643c3269002137342cf3238d','Edit snippets','snippet','edit',NULL,'2023-04-16 17:37:45','1','2023-04-16 17:37:45','1');
INSERT INTO permissions VALUES('643c3269002137342cf3238e','Add snippets','snippet','add',NULL,'2023-04-16 17:37:45','1','2023-04-16 17:37:45','1');
INSERT INTO permissions VALUES('643c3269002137342cf3238f','Delete snippets','snippet','destroy',NULL,'2023-04-16 17:37:45','1','2023-04-16 17:37:45','1');
INSERT INTO permissions VALUES('643c3269002137342cf32390','Browse offers','offer','browse',NULL,'2023-04-16 17:37:45','1','2023-04-16 17:37:45','1');
INSERT INTO permissions VALUES('643c3269002137342cf32391','Read offers','offer','read',NULL,'2023-04-16 17:37:45','1','2023-04-16 17:37:45','1');
INSERT INTO permissions VALUES('643c3269002137342cf32392','Edit offers','offer','edit',NULL,'2023-04-16 17:37:45','1','2023-04-16 17:37:45','1');
INSERT INTO permissions VALUES('643c3269002137342cf32393','Add offers','offer','add',NULL,'2023-04-16 17:37:45','1','2023-04-16 17:37:45','1');
INSERT INTO permissions VALUES('643c3269002137342cf32394','Reset all passwords','authentication','resetAllPasswords',NULL,'2023-04-16 17:37:45','1','2023-04-16 17:37:45','1');
INSERT INTO permissions VALUES('643c3269002137342cf32395','Browse custom theme settings','custom_theme_setting','browse',NULL,'2023-04-16 17:37:45','1','2023-04-16 17:37:45','1');
INSERT INTO permissions VALUES('643c3269002137342cf32396','Edit custom theme settings','custom_theme_setting','edit',NULL,'2023-04-16 17:37:45','1','2023-04-16 17:37:45','1');
INSERT INTO permissions VALUES('643c3269002137342cf32397','Browse newsletters','newsletter','browse',NULL,'2023-04-16 17:37:45','1','2023-04-16 17:37:45','1');
INSERT INTO permissions VALUES('643c3269002137342cf32398','Read newsletters','newsletter','read',NULL,'2023-04-16 17:37:45','1','2023-04-16 17:37:45','1');
INSERT INTO permissions VALUES('643c3269002137342cf32399','Add newsletters','newsletter','add',NULL,'2023-04-16 17:37:45','1','2023-04-16 17:37:45','1');
INSERT INTO permissions VALUES('643c3269002137342cf3239a','Edit newsletters','newsletter','edit',NULL,'2023-04-16 17:37:45','1','2023-04-16 17:37:45','1');
INSERT INTO permissions VALUES('643c3269002137342cf3239b','Browse comments','comment','browse',NULL,'2023-04-16 17:37:45','1','2023-04-16 17:37:45','1');
INSERT INTO permissions VALUES('643c3269002137342cf3239c','Read comments','comment','read',NULL,'2023-04-16 17:37:45','1','2023-04-16 17:37:45','1');
INSERT INTO permissions VALUES('643c3269002137342cf3239d','Edit comments','comment','edit',NULL,'2023-04-16 17:37:45','1','2023-04-16 17:37:45','1');
INSERT INTO permissions VALUES('643c3269002137342cf3239e','Add comments','comment','add',NULL,'2023-04-16 17:37:45','1','2023-04-16 17:37:45','1');
INSERT INTO permissions VALUES('643c3269002137342cf3239f','Delete comments','comment','destroy',NULL,'2023-04-16 17:37:45','1','2023-04-16 17:37:45','1');
INSERT INTO permissions VALUES('643c3269002137342cf323a0','Moderate comments','comment','moderate',NULL,'2023-04-16 17:37:45','1','2023-04-16 17:37:45','1');
INSERT INTO permissions VALUES('643c3269002137342cf323a1','Like comments','comment','like',NULL,'2023-04-16 17:37:45','1','2023-04-16 17:37:45','1');
INSERT INTO permissions VALUES('643c3269002137342cf323a2','Unlike comments','comment','unlike',NULL,'2023-04-16 17:37:45','1','2023-04-16 17:37:45','1');
INSERT INTO permissions VALUES('643c3269002137342cf323a3','Report comments','comment','report',NULL,'2023-04-16 17:37:45','1','2023-04-16 17:37:45','1');
INSERT INTO permissions VALUES('643c3269002137342cf323a4','Browse links','link','browse',NULL,'2023-04-16 17:37:45','1','2023-04-16 17:37:45','1');
INSERT INTO permissions VALUES('643c3269002137342cf323a5','Edit links','link','edit',NULL,'2023-04-16 17:37:45','1','2023-04-16 17:37:45','1');
INSERT INTO permissions VALUES('643c3269002137342cf323a6','Browse mentions','mention','browse',NULL,'2023-04-16 17:37:45','1','2023-04-16 17:37:45','1');
CREATE TABLE `permissions_users` (`id` varchar(24) not null, `user_id` varchar(24) not null, `permission_id` varchar(24) not null, primary key (`id`));
CREATE TABLE `permissions_roles` (`id` varchar(24) not null, `role_id` varchar(24) not null, `permission_id` varchar(24) not null, primary key (`id`));
INSERT INTO permissions_roles VALUES('643c326e002137342cf323b8','643c3268002137342cf3232a','643c3268002137342cf3233b');
INSERT INTO permissions_roles VALUES('643c326e002137342cf323b9','643c3268002137342cf3232a','643c3268002137342cf3233c');
INSERT INTO permissions_roles VALUES('643c326e002137342cf323b7','643c3268002137342cf3232a','643c3268002137342cf3233a');
INSERT INTO permissions_roles VALUES('643c326e002137342cf323ba','643c3268002137342cf3232a','643c3268002137342cf3237d');
INSERT INTO permissions_roles VALUES('643c326e002137342cf323bb','643c3268002137342cf3232a','643c3268002137342cf3233d');
INSERT INTO permissions_roles VALUES('643c326e002137342cf323bc','643c3268002137342cf3232a','643c3268002137342cf3233e');
INSERT INTO permissions_roles VALUES('643c326e002137342cf323bd','643c3268002137342cf3232a','643c3268002137342cf3233f');
INSERT INTO permissions_roles VALUES('643c326e002137342cf323be','643c3268002137342cf3232a','643c3268002137342cf32340');
INSERT INTO permissions_roles VALUES('643c326e002137342cf323bf','643c3268002137342cf3232a','643c3268002137342cf32341');
INSERT INTO permissions_roles VALUES('643c326e002137342cf323c1','643c3268002137342cf3232a','643c3268002137342cf32343');
INSERT INTO permissions_roles VALUES('643c326e002137342cf323c0','643c3268002137342cf3232a','643c3268002137342cf32342');
INSERT INTO permissions_roles VALUES('643c326e002137342cf323c4','643c3268002137342cf3232a','643c3268002137342cf3237c');
INSERT INTO permissions_roles VALUES('643c326e002137342cf323c2','643c3268002137342cf3232a','643c3268002137342cf32344');
INSERT INTO permissions_roles VALUES('643c326e002137342cf323c3','643c3268002137342cf3232a','643c3268002137342cf32345');
INSERT INTO permissions_roles VALUES('643c326e002137342cf323c5','643c3268002137342cf3232a','643c3268002137342cf32346');
INSERT INTO permissions_roles VALUES('643c326e002137342cf323c6','643c3268002137342cf3232a','643c3268002137342cf32347');
INSERT INTO permissions_roles VALUES('643c326e002137342cf323c7','643c3268002137342cf3232a','643c3268002137342cf32348');
INSERT INTO permissions_roles VALUES('643c326e002137342cf323c8','643c3268002137342cf3232a','643c3268002137342cf32349');
INSERT INTO permissions_roles VALUES('643c326e002137342cf323c9','643c3268002137342cf3232a','643c3268002137342cf3234a');
INSERT INTO permissions_roles VALUES('643c326e002137342cf323ca','643c3268002137342cf3232a','643c3268002137342cf3234b');
INSERT INTO permissions_roles VALUES('643c326e002137342cf323cc','643c3268002137342cf3232a','643c3268002137342cf3234d');
INSERT INTO permissions_roles VALUES('643c326e002137342cf323cb','643c3268002137342cf3232a','643c3268002137342cf3234c');
INSERT INTO permissions_roles VALUES('643c326e002137342cf323cd','643c3268002137342cf3232a','643c3268002137342cf3234e');
INSERT INTO permissions_roles VALUES('643c326e002137342cf323ce','643c3268002137342cf3232a','643c3268002137342cf3234f');
INSERT INTO permissions_roles VALUES('643c326e002137342cf323cf','643c3268002137342cf3232a','643c3268002137342cf32350');
INSERT INTO permissions_roles VALUES('643c326e002137342cf323d0','643c3268002137342cf3232a','643c3268002137342cf32351');
INSERT INTO permissions_roles VALUES('643c326e002137342cf323d1','643c3268002137342cf3232a','643c3268002137342cf32352');
INSERT INTO permissions_roles VALUES('643c326e002137342cf323d2','643c3268002137342cf3232a','643c3268002137342cf32353');
INSERT INTO permissions_roles VALUES('643c326e002137342cf323d3','643c3268002137342cf3232a','643c3268002137342cf32354');
INSERT INTO permissions_roles VALUES('643c326e002137342cf323d4','643c3268002137342cf3232a','643c3268002137342cf32355');
INSERT INTO permissions_roles VALUES('643c326e002137342cf323d5','643c3268002137342cf3232a','643c3268002137342cf32356');
INSERT INTO permissions_roles VALUES('643c326e002137342cf323d7','643c3268002137342cf3232a','643c3268002137342cf32358');
INSERT INTO permissions_roles VALUES('643c326e002137342cf323d8','643c3268002137342cf3232a','643c3268002137342cf32359');
INSERT INTO permissions_roles VALUES('643c326e002137342cf323d9','643c3268002137342cf3232a','643c3268002137342cf3235a');
INSERT INTO permissions_roles VALUES('643c326e002137342cf323d6','643c3268002137342cf3232a','643c3268002137342cf32357');
INSERT INTO permissions_roles VALUES('643c326e002137342cf323da','643c3268002137342cf3232a','643c3268002137342cf3235b');
INSERT INTO permissions_roles VALUES('643c326e002137342cf323db','643c3268002137342cf3232a','643c3268002137342cf3235c');
INSERT INTO permissions_roles VALUES('643c326e002137342cf323de','643c3268002137342cf3232a','643c3268002137342cf3235f');
INSERT INTO permissions_roles VALUES('643c326e002137342cf323df','643c3268002137342cf3232a','643c3268002137342cf32360');
INSERT INTO permissions_roles VALUES('643c326e002137342cf323dc','643c3268002137342cf3232a','643c3268002137342cf3235d');
INSERT INTO permissions_roles VALUES('643c326e002137342cf323dd','643c3268002137342cf3232a','643c3268002137342cf3235e');
INSERT INTO permissions_roles VALUES('643c326e002137342cf323e0','643c3268002137342cf3232a','643c3268002137342cf32361');
INSERT INTO permissions_roles VALUES('643c326e002137342cf323e1','643c3268002137342cf3232a','643c3268002137342cf32362');
INSERT INTO permissions_roles VALUES('643c326e002137342cf323e2','643c3268002137342cf3232a','643c3268002137342cf32363');
INSERT INTO permissions_roles VALUES('643c326e002137342cf323e3','643c3268002137342cf3232a','643c3268002137342cf32364');
INSERT INTO permissions_roles VALUES('643c326e002137342cf323e4','643c3268002137342cf3232a','643c3268002137342cf32365');
INSERT INTO permissions_roles VALUES('643c326e002137342cf323e5','643c3268002137342cf3232a','643c3268002137342cf32366');
INSERT INTO permissions_roles VALUES('643c326e002137342cf323e6','643c3268002137342cf3232a','643c3268002137342cf32367');
INSERT INTO permissions_roles VALUES('643c326e002137342cf323e8','643c3268002137342cf3232a','643c3268002137342cf32369');
INSERT INTO permissions_roles VALUES('643c326e002137342cf323e9','643c3268002137342cf3232a','643c3268002137342cf3236a');
INSERT INTO permissions_roles VALUES('643c326e002137342cf323ea','643c3268002137342cf3232a','643c3268002137342cf3236b');
INSERT INTO permissions_roles VALUES('643c326e002137342cf323e7','643c3268002137342cf3232a','643c3268002137342cf32368');
INSERT INTO permissions_roles VALUES('643c326e002137342cf323eb','643c3268002137342cf3232a','643c3268002137342cf3236c');
INSERT INTO permissions_roles VALUES('643c326e002137342cf323ee','643c3268002137342cf3232a','643c3268002137342cf3236f');
INSERT INTO permissions_roles VALUES('643c326e002137342cf323ed','643c3268002137342cf3232a','643c3268002137342cf3236e');
INSERT INTO permissions_roles VALUES('643c326e002137342cf323ec','643c3268002137342cf3232a','643c3268002137342cf3236d');
INSERT INTO permissions_roles VALUES('643c326e002137342cf323ef','643c3268002137342cf3232a','643c3268002137342cf32370');
INSERT INTO permissions_roles VALUES('643c326e002137342cf323f0','643c3268002137342cf3232a','643c3268002137342cf32371');
INSERT INTO permissions_roles VALUES('643c326e002137342cf323f2','643c3268002137342cf3232a','643c3268002137342cf32373');
INSERT INTO permissions_roles VALUES('643c326e002137342cf323f3','643c3268002137342cf3232a','643c3268002137342cf32374');
INSERT INTO permissions_roles VALUES('643c326e002137342cf323f5','643c3268002137342cf3232a','643c3268002137342cf32376');
INSERT INTO permissions_roles VALUES('643c326e002137342cf323f1','643c3268002137342cf3232a','643c3268002137342cf32372');
INSERT INTO permissions_roles VALUES('643c326e002137342cf323f4','643c3268002137342cf3232a','643c3268002137342cf32375');
INSERT INTO permissions_roles VALUES('643c326e002137342cf323f6','643c3268002137342cf3232a','643c3268002137342cf32377');
INSERT INTO permissions_roles VALUES('643c326e002137342cf323f7','643c3268002137342cf3232a','643c3268002137342cf32378');
INSERT INTO permissions_roles VALUES('643c326e002137342cf323f8','643c3268002137342cf3232a','643c3268002137342cf32379');
INSERT INTO permissions_roles VALUES('643c326e002137342cf323f9','643c3268002137342cf3232a','643c3268002137342cf3237a');
INSERT INTO permissions_roles VALUES('643c326e002137342cf323fa','643c3268002137342cf3232a','643c3268002137342cf3237b');
INSERT INTO permissions_roles VALUES('643c326e002137342cf323fb','643c3268002137342cf3232a','643c3268002137342cf32383');
INSERT INTO permissions_roles VALUES('643c326e002137342cf323fc','643c3268002137342cf3232a','643c3268002137342cf32384');
INSERT INTO permissions_roles VALUES('643c326e002137342cf323fd','643c3268002137342cf3232a','643c3268002137342cf32385');
INSERT INTO permissions_roles VALUES('643c326e002137342cf323fe','643c3268002137342cf3232a','643c3268002137342cf32386');
INSERT INTO permissions_roles VALUES('643c326e002137342cf323ff','643c3268002137342cf3232a','643c3268002137342cf32387');
INSERT INTO permissions_roles VALUES('643c326e002137342cf32400','643c3268002137342cf3232a','643c3268002137342cf3237e');
INSERT INTO permissions_roles VALUES('643c326e002137342cf32401','643c3268002137342cf3232a','643c3268002137342cf3237f');
INSERT INTO permissions_roles VALUES('643c326e002137342cf32403','643c3268002137342cf3232a','643c3268002137342cf32381');
INSERT INTO permissions_roles VALUES('643c326e002137342cf32402','643c3268002137342cf3232a','643c3268002137342cf32380');
INSERT INTO permissions_roles VALUES('643c326e002137342cf32404','643c3268002137342cf3232a','643c3268002137342cf32382');
INSERT INTO permissions_roles VALUES('643c326e002137342cf32405','643c3268002137342cf3232a','643c3268002137342cf32388');
INSERT INTO permissions_roles VALUES('643c326e002137342cf32408','643c3268002137342cf3232a','643c3269002137342cf3238d');
INSERT INTO permissions_roles VALUES('643c326e002137342cf32409','643c3268002137342cf3232a','643c3269002137342cf3238e');
INSERT INTO permissions_roles VALUES('643c326e002137342cf32406','643c3268002137342cf3232a','643c3269002137342cf3238b');
INSERT INTO permissions_roles VALUES('643c326e002137342cf32407','643c3268002137342cf3232a','643c3269002137342cf3238c');
INSERT INTO permissions_roles VALUES('643c326e002137342cf3240a','643c3268002137342cf3232a','643c3269002137342cf3238f');
INSERT INTO permissions_roles VALUES('643c326e002137342cf3240b','643c3268002137342cf3232a','643c3269002137342cf32395');
INSERT INTO permissions_roles VALUES('643c326e002137342cf3240c','643c3268002137342cf3232a','643c3269002137342cf32396');
INSERT INTO permissions_roles VALUES('643c326e002137342cf3240d','643c3268002137342cf3232a','643c3269002137342cf32390');
INSERT INTO permissions_roles VALUES('643c326e002137342cf3240e','643c3268002137342cf3232a','643c3269002137342cf32391');
INSERT INTO permissions_roles VALUES('643c326e002137342cf32410','643c3268002137342cf3232a','643c3269002137342cf32393');
INSERT INTO permissions_roles VALUES('643c326e002137342cf3240f','643c3268002137342cf3232a','643c3269002137342cf32392');
INSERT INTO permissions_roles VALUES('643c326e002137342cf32411','643c3268002137342cf3232a','643c3269002137342cf32394');
INSERT INTO permissions_roles VALUES('643c326e002137342cf32412','643c3268002137342cf3232a','643c3269002137342cf3238a');
INSERT INTO permissions_roles VALUES('643c326e002137342cf32413','643c3268002137342cf3232a','643c3269002137342cf32397');
INSERT INTO permissions_roles VALUES('643c326e002137342cf32415','643c3268002137342cf3232a','643c3269002137342cf32399');
INSERT INTO permissions_roles VALUES('643c326e002137342cf32414','643c3268002137342cf3232a','643c3269002137342cf32398');
INSERT INTO permissions_roles VALUES('643c326e002137342cf32416','643c3268002137342cf3232a','643c3269002137342cf3239a');
INSERT INTO permissions_roles VALUES('643c326e002137342cf32417','643c3268002137342cf3232a','643c3268002137342cf32339');
INSERT INTO permissions_roles VALUES('643c326e002137342cf32418','643c3268002137342cf3232a','643c3269002137342cf3239b');
INSERT INTO permissions_roles VALUES('643c326e002137342cf32419','643c3268002137342cf3232a','643c3269002137342cf3239c');
INSERT INTO permissions_roles VALUES('643c326e002137342cf3241a','643c3268002137342cf3232a','643c3269002137342cf3239d');
INSERT INTO permissions_roles VALUES('643c326e002137342cf3241b','643c3268002137342cf3232a','643c3269002137342cf3239e');
INSERT INTO permissions_roles VALUES('643c326e002137342cf3241c','643c3268002137342cf3232a','643c3269002137342cf3239f');
INSERT INTO permissions_roles VALUES('643c326e002137342cf3241d','643c3268002137342cf3232a','643c3269002137342cf323a0');
INSERT INTO permissions_roles VALUES('643c326e002137342cf3241e','643c3268002137342cf3232a','643c3269002137342cf323a1');
INSERT INTO permissions_roles VALUES('643c326e002137342cf3241f','643c3268002137342cf3232a','643c3269002137342cf323a2');
INSERT INTO permissions_roles VALUES('643c326e002137342cf32420','643c3268002137342cf3232a','643c3269002137342cf323a3');
INSERT INTO permissions_roles VALUES('643c326e002137342cf32421','643c3268002137342cf3232a','643c3269002137342cf323a4');
INSERT INTO permissions_roles VALUES('643c326e002137342cf32422','643c3268002137342cf3232a','643c3269002137342cf323a5');
INSERT INTO permissions_roles VALUES('643c326e002137342cf32423','643c3268002137342cf3232a','643c3269002137342cf323a6');
INSERT INTO permissions_roles VALUES('643c326e002137342cf32424','643c3268002137342cf32332','643c3268002137342cf3233a');
INSERT INTO permissions_roles VALUES('643c326e002137342cf32425','643c3268002137342cf32332','643c3268002137342cf3233b');
INSERT INTO permissions_roles VALUES('643c326e002137342cf32427','643c3268002137342cf32332','643c3268002137342cf3237d');
INSERT INTO permissions_roles VALUES('643c326e002137342cf32426','643c3268002137342cf32332','643c3268002137342cf3233c');
INSERT INTO permissions_roles VALUES('643c326e002137342cf32428','643c3268002137342cf32333','643c3268002137342cf3237c');
INSERT INTO permissions_roles VALUES('643c326e002137342cf32429','643c3268002137342cf32330','643c3268002137342cf32339');
INSERT INTO permissions_roles VALUES('643c326e002137342cf3242a','643c3268002137342cf32331','643c3268002137342cf3233b');
INSERT INTO permissions_roles VALUES('643c326e002137342cf3242b','643c3268002137342cf32331','643c3268002137342cf32375');
INSERT INTO permissions_roles VALUES('643c326e002137342cf3242c','643c3268002137342cf32331','643c3268002137342cf3234b');
INSERT INTO permissions_roles VALUES('643c326e002137342cf3242d','643c3268002137342cf3232f','643c3268002137342cf3233d');
INSERT INTO permissions_roles VALUES('643c326e002137342cf3242e','643c3268002137342cf3232f','643c3268002137342cf3233e');
INSERT INTO permissions_roles VALUES('643c326e002137342cf32430','643c3268002137342cf3232f','643c3268002137342cf32340');
INSERT INTO permissions_roles VALUES('643c326e002137342cf3242f','643c3268002137342cf3232f','643c3268002137342cf3233f');
INSERT INTO permissions_roles VALUES('643c326e002137342cf32432','643c3268002137342cf3232f','643c3268002137342cf32342');
INSERT INTO permissions_roles VALUES('643c326e002137342cf32434','643c3268002137342cf3232f','643c3268002137342cf32344');
INSERT INTO permissions_roles VALUES('643c326e002137342cf32435','643c3268002137342cf3232f','643c3268002137342cf32345');
INSERT INTO permissions_roles VALUES('643c326e002137342cf32431','643c3268002137342cf3232f','643c3268002137342cf32341');
INSERT INTO permissions_roles VALUES('643c326e002137342cf32433','643c3268002137342cf3232f','643c3268002137342cf32343');
INSERT INTO permissions_roles VALUES('643c326e002137342cf32436','643c3268002137342cf3232f','643c3268002137342cf3237c');
INSERT INTO permissions_roles VALUES('643c326e002137342cf32437','643c3268002137342cf3232f','643c3268002137342cf32346');
INSERT INTO permissions_roles VALUES('643c326e002137342cf32438','643c3268002137342cf3232f','643c3268002137342cf32347');
INSERT INTO permissions_roles VALUES('643c326e002137342cf32439','643c3268002137342cf3232f','643c3268002137342cf32348');
INSERT INTO permissions_roles VALUES('643c326e002137342cf3243a','643c3268002137342cf3232f','643c3268002137342cf32349');
INSERT INTO permissions_roles VALUES('643c326e002137342cf3243b','643c3268002137342cf3232f','643c3268002137342cf3234a');
INSERT INTO permissions_roles VALUES('643c326e002137342cf3243c','643c3268002137342cf3232f','643c3268002137342cf3234b');
INSERT INTO permissions_roles VALUES('643c326e002137342cf3243d','643c3268002137342cf3232f','643c3268002137342cf3234c');
INSERT INTO permissions_roles VALUES('643c326e002137342cf3243e','643c3268002137342cf3232f','643c3268002137342cf3234d');
INSERT INTO permissions_roles VALUES('643c326e002137342cf3243f','643c3268002137342cf3232f','643c3268002137342cf3234e');
INSERT INTO permissions_roles VALUES('643c326e002137342cf32440','643c3268002137342cf3232f','643c3268002137342cf3234f');
INSERT INTO permissions_roles VALUES('643c326e002137342cf32443','643c3268002137342cf3232f','643c3268002137342cf32352');
INSERT INTO permissions_roles VALUES('643c326e002137342cf32441','643c3268002137342cf3232f','643c3268002137342cf32350');
INSERT INTO permissions_roles VALUES('643c326e002137342cf32445','643c3268002137342cf3232f','643c3268002137342cf32354');
INSERT INTO permissions_roles VALUES('643c326e002137342cf32446','643c3268002137342cf3232f','643c3268002137342cf32355');
INSERT INTO permissions_roles VALUES('643c326e002137342cf32442','643c3268002137342cf3232f','643c3268002137342cf32351');
INSERT INTO permissions_roles VALUES('643c326e002137342cf32444','643c3268002137342cf3232f','643c3268002137342cf32353');
INSERT INTO permissions_roles VALUES('643c326e002137342cf32448','643c3268002137342cf3232f','643c3268002137342cf32357');
INSERT INTO permissions_roles VALUES('643c326e002137342cf3244a','643c3268002137342cf3232f','643c3268002137342cf32359');
INSERT INTO permissions_roles VALUES('643c326e002137342cf32449','643c3268002137342cf3232f','643c3268002137342cf32358');
INSERT INTO permissions_roles VALUES('643c326e002137342cf3244b','643c3268002137342cf3232f','643c3268002137342cf3235a');
INSERT INTO permissions_roles VALUES('643c326e002137342cf32447','643c3268002137342cf3232f','643c3268002137342cf32356');
INSERT INTO permissions_roles VALUES('643c326e002137342cf3244c','643c3268002137342cf3232f','643c3268002137342cf3235b');
INSERT INTO permissions_roles VALUES('643c326e002137342cf3244d','643c3268002137342cf3232f','643c3268002137342cf3235c');
INSERT INTO permissions_roles VALUES('643c326e002137342cf3244e','643c3268002137342cf3232f','643c3268002137342cf3235d');
INSERT INTO permissions_roles VALUES('643c326e002137342cf3244f','643c3268002137342cf3232f','643c3268002137342cf3235e');
INSERT INTO permissions_roles VALUES('643c326e002137342cf32450','643c3268002137342cf3232f','643c3268002137342cf3235f');
INSERT INTO permissions_roles VALUES('643c326e002137342cf32451','643c3268002137342cf3232f','643c3268002137342cf32360');
INSERT INTO permissions_roles VALUES('643c326e002137342cf32452','643c3268002137342cf3232f','643c3268002137342cf32361');
INSERT INTO permissions_roles VALUES('643c326e002137342cf32453','643c3268002137342cf3232f','643c3268002137342cf32362');
INSERT INTO permissions_roles VALUES('643c326e002137342cf32454','643c3268002137342cf3232f','643c3268002137342cf32363');
INSERT INTO permissions_roles VALUES('643c326e002137342cf32455','643c3268002137342cf3232f','643c3268002137342cf32364');
INSERT INTO permissions_roles VALUES('643c326e002137342cf32456','643c3268002137342cf3232f','643c3268002137342cf32365');
INSERT INTO permissions_roles VALUES('643c326e002137342cf32457','643c3268002137342cf3232f','643c3268002137342cf32366');
INSERT INTO permissions_roles VALUES('643c326e002137342cf32458','643c3268002137342cf3232f','643c3268002137342cf32371');
INSERT INTO permissions_roles VALUES('643c326e002137342cf32459','643c3268002137342cf3232f','643c3268002137342cf32372');
INSERT INTO permissions_roles VALUES('643c326e002137342cf3245a','643c3268002137342cf3232f','643c3268002137342cf32373');
INSERT INTO permissions_roles VALUES('643c326e002137342cf3245d','643c3268002137342cf3232f','643c3268002137342cf32376');
INSERT INTO permissions_roles VALUES('643c326e002137342cf3245c','643c3268002137342cf3232f','643c3268002137342cf32375');
INSERT INTO permissions_roles VALUES('643c326e002137342cf3245b','643c3268002137342cf3232f','643c3268002137342cf32374');
INSERT INTO permissions_roles VALUES('643c326e002137342cf3245f','643c3268002137342cf3232f','643c3268002137342cf32384');
INSERT INTO permissions_roles VALUES('643c326e002137342cf32460','643c3268002137342cf3232f','643c3268002137342cf32385');
INSERT INTO permissions_roles VALUES('643c326e002137342cf3245e','643c3268002137342cf3232f','643c3268002137342cf32383');
INSERT INTO permissions_roles VALUES('643c326e002137342cf32462','643c3268002137342cf3232f','643c3268002137342cf32387');
INSERT INTO permissions_roles VALUES('643c326e002137342cf32461','643c3268002137342cf3232f','643c3268002137342cf32386');
INSERT INTO permissions_roles VALUES('643c326e002137342cf32463','643c3268002137342cf3232f','643c3268002137342cf3237e');
INSERT INTO permissions_roles VALUES('643c326e002137342cf32464','643c3268002137342cf3232f','643c3268002137342cf3237f');
INSERT INTO permissions_roles VALUES('643c326e002137342cf32465','643c3268002137342cf3232f','643c3268002137342cf32380');
INSERT INTO permissions_roles VALUES('643c326e002137342cf32466','643c3268002137342cf3232f','643c3268002137342cf32381');
INSERT INTO permissions_roles VALUES('643c326e002137342cf32467','643c3268002137342cf3232f','643c3268002137342cf32382');
INSERT INTO permissions_roles VALUES('643c326e002137342cf32468','643c3268002137342cf3232f','643c3269002137342cf3238b');
INSERT INTO permissions_roles VALUES('643c326e002137342cf32469','643c3268002137342cf3232f','643c3269002137342cf3238c');
INSERT INTO permissions_roles VALUES('643c326e002137342cf3246a','643c3268002137342cf3232f','643c3269002137342cf3238d');
INSERT INTO permissions_roles VALUES('643c326e002137342cf3246b','643c3268002137342cf3232f','643c3269002137342cf3238e');
INSERT INTO permissions_roles VALUES('643c326e002137342cf3246c','643c3268002137342cf3232f','643c3269002137342cf3238f');
INSERT INTO permissions_roles VALUES('643c326e002137342cf3246d','643c3268002137342cf3232f','643c3268002137342cf32377');
INSERT INTO permissions_roles VALUES('643c326e002137342cf3246e','643c3268002137342cf3232f','643c3268002137342cf32378');
INSERT INTO permissions_roles VALUES('643c326e002137342cf3246f','643c3268002137342cf3232f','643c3268002137342cf32379');
INSERT INTO permissions_roles VALUES('643c326e002137342cf32470','643c3268002137342cf3232f','643c3268002137342cf3237a');
INSERT INTO permissions_roles VALUES('643c326e002137342cf32471','643c3268002137342cf3232f','643c3269002137342cf32390');
INSERT INTO permissions_roles VALUES('643c326e002137342cf32472','643c3268002137342cf3232f','643c3269002137342cf32391');
INSERT INTO permissions_roles VALUES('643c326e002137342cf32473','643c3268002137342cf3232f','643c3269002137342cf32392');
INSERT INTO permissions_roles VALUES('643c326e002137342cf32474','643c3268002137342cf3232f','643c3269002137342cf32393');
INSERT INTO permissions_roles VALUES('643c326e002137342cf32475','643c3268002137342cf3232f','643c3269002137342cf32397');
INSERT INTO permissions_roles VALUES('643c326e002137342cf32476','643c3268002137342cf3232f','643c3269002137342cf32398');
INSERT INTO permissions_roles VALUES('643c326e002137342cf32478','643c3268002137342cf3232f','643c3269002137342cf3239a');
INSERT INTO permissions_roles VALUES('643c326e002137342cf32477','643c3268002137342cf3232f','643c3269002137342cf32399');
INSERT INTO permissions_roles VALUES('643c326e002137342cf32479','643c3268002137342cf3232f','643c3268002137342cf32339');
INSERT INTO permissions_roles VALUES('643c326e002137342cf3247b','643c3268002137342cf3232f','643c3269002137342cf3239c');
INSERT INTO permissions_roles VALUES('643c326e002137342cf3247e','643c3268002137342cf3232f','643c3269002137342cf3239f');
INSERT INTO permissions_roles VALUES('643c326e002137342cf3247f','643c3268002137342cf3232f','643c3269002137342cf323a0');
INSERT INTO permissions_roles VALUES('643c326e002137342cf32480','643c3268002137342cf3232f','643c3269002137342cf323a1');
INSERT INTO permissions_roles VALUES('643c326e002137342cf32481','643c3268002137342cf3232f','643c3269002137342cf323a2');
INSERT INTO permissions_roles VALUES('643c326e002137342cf32482','643c3268002137342cf3232f','643c3269002137342cf323a3');
INSERT INTO permissions_roles VALUES('643c326e002137342cf3247a','643c3268002137342cf3232f','643c3269002137342cf3239b');
INSERT INTO permissions_roles VALUES('643c326e002137342cf3247d','643c3268002137342cf3232f','643c3269002137342cf3239e');
INSERT INTO permissions_roles VALUES('643c326e002137342cf3247c','643c3268002137342cf3232f','643c3269002137342cf3239d');
INSERT INTO permissions_roles VALUES('643c326e002137342cf32483','643c3268002137342cf3232f','643c3269002137342cf323a4');
INSERT INTO permissions_roles VALUES('643c326e002137342cf32484','643c3268002137342cf3232f','643c3269002137342cf323a5');
INSERT INTO permissions_roles VALUES('643c326e002137342cf32485','643c3268002137342cf3232f','643c3269002137342cf323a6');
INSERT INTO permissions_roles VALUES('643c326e002137342cf32486','643c3268002137342cf3232b','643c3268002137342cf3233e');
INSERT INTO permissions_roles VALUES('643c326e002137342cf32487','643c3268002137342cf3232b','643c3268002137342cf3233f');
INSERT INTO permissions_roles VALUES('643c326e002137342cf32488','643c3268002137342cf3232b','643c3268002137342cf32340');
INSERT INTO permissions_roles VALUES('643c326e002137342cf32489','643c3268002137342cf3232b','643c3268002137342cf32341');
INSERT INTO permissions_roles VALUES('643c326e002137342cf3248d','643c3268002137342cf3232b','643c3268002137342cf32345');
INSERT INTO permissions_roles VALUES('643c326e002137342cf3248e','643c3268002137342cf3232b','643c3268002137342cf3237c');
INSERT INTO permissions_roles VALUES('643c326e002137342cf3248a','643c3268002137342cf3232b','643c3268002137342cf32342');
INSERT INTO permissions_roles VALUES('643c326e002137342cf3248c','643c3268002137342cf3232b','643c3268002137342cf32344');
INSERT INTO permissions_roles VALUES('643c326e002137342cf3248b','643c3268002137342cf3232b','643c3268002137342cf32343');
INSERT INTO permissions_roles VALUES('643c326e002137342cf3248f','643c3268002137342cf3232b','643c3268002137342cf32346');
INSERT INTO permissions_roles VALUES('643c326e002137342cf32490','643c3268002137342cf3232b','643c3268002137342cf32347');
INSERT INTO permissions_roles VALUES('643c326e002137342cf32491','643c3268002137342cf3232b','643c3268002137342cf32349');
INSERT INTO permissions_roles VALUES('643c326e002137342cf32492','643c3268002137342cf3232b','643c3268002137342cf3234a');
INSERT INTO permissions_roles VALUES('643c326e002137342cf32493','643c3268002137342cf3232b','643c3268002137342cf3234b');
INSERT INTO permissions_roles VALUES('643c326e002137342cf32494','643c3268002137342cf3232b','643c3268002137342cf3234c');
INSERT INTO permissions_roles VALUES('643c326e002137342cf32495','643c3268002137342cf3232b','643c3268002137342cf3234d');
INSERT INTO permissions_roles VALUES('643c326e002137342cf32496','643c3268002137342cf3232b','643c3268002137342cf3234e');
INSERT INTO permissions_roles VALUES('643c326e002137342cf32497','643c3268002137342cf3232b','643c3268002137342cf32356');
INSERT INTO permissions_roles VALUES('643c326e002137342cf32498','643c3268002137342cf3232b','643c3268002137342cf32357');
INSERT INTO permissions_roles VALUES('643c326e002137342cf3249a','643c3268002137342cf3232b','643c3268002137342cf32359');
INSERT INTO permissions_roles VALUES('643c326e002137342cf3249b','643c3268002137342cf3232b','643c3268002137342cf3235a');
INSERT INTO permissions_roles VALUES('643c326e002137342cf32499','643c3268002137342cf3232b','643c3268002137342cf32358');
INSERT INTO permissions_roles VALUES('643c326e002137342cf3249c','643c3268002137342cf3232b','643c3268002137342cf3235b');
INSERT INTO permissions_roles VALUES('643c326e002137342cf3249d','643c3268002137342cf3232b','643c3268002137342cf3235c');
INSERT INTO permissions_roles VALUES('643c326e002137342cf3249e','643c3268002137342cf3232b','643c3268002137342cf3235d');
INSERT INTO permissions_roles VALUES('643c326e002137342cf3249f','643c3268002137342cf3232b','643c3268002137342cf3235e');
INSERT INTO permissions_roles VALUES('643c326e002137342cf324a2','643c3268002137342cf3232b','643c3268002137342cf32361');
INSERT INTO permissions_roles VALUES('643c326e002137342cf324a0','643c3268002137342cf3232b','643c3268002137342cf3235f');
INSERT INTO permissions_roles VALUES('643c326e002137342cf324a1','643c3268002137342cf3232b','643c3268002137342cf32360');
INSERT INTO permissions_roles VALUES('643c326e002137342cf324a3','643c3268002137342cf3232b','643c3268002137342cf3234f');
INSERT INTO permissions_roles VALUES('643c326e002137342cf324a4','643c3268002137342cf3232b','643c3268002137342cf32352');
INSERT INTO permissions_roles VALUES('643c326e002137342cf324a5','643c3268002137342cf3232b','643c3268002137342cf3237e');
INSERT INTO permissions_roles VALUES('643c326e002137342cf324a6','643c3268002137342cf3232b','643c3268002137342cf3237f');
INSERT INTO permissions_roles VALUES('643c326e002137342cf324a8','643c3268002137342cf3232b','643c3268002137342cf32381');
INSERT INTO permissions_roles VALUES('643c326e002137342cf324a9','643c3268002137342cf3232b','643c3268002137342cf32382');
INSERT INTO permissions_roles VALUES('643c326e002137342cf324a7','643c3268002137342cf3232b','643c3268002137342cf32380');
INSERT INTO permissions_roles VALUES('643c326e002137342cf324aa','643c3268002137342cf3232b','643c3269002137342cf3238b');
INSERT INTO permissions_roles VALUES('643c326e002137342cf324ab','643c3268002137342cf3232b','643c3269002137342cf3238c');
INSERT INTO permissions_roles VALUES('643c326e002137342cf324ac','643c3268002137342cf3232b','643c3269002137342cf3238d');
INSERT INTO permissions_roles VALUES('643c326e002137342cf324ad','643c3268002137342cf3232b','643c3269002137342cf3238e');
INSERT INTO permissions_roles VALUES('643c326e002137342cf324ae','643c3268002137342cf3232b','643c3269002137342cf3238f');
INSERT INTO permissions_roles VALUES('643c326e002137342cf324af','643c3268002137342cf3232b','643c3268002137342cf32383');
INSERT INTO permissions_roles VALUES('643c326e002137342cf324b0','643c3268002137342cf3232b','643c3268002137342cf32384');
INSERT INTO permissions_roles VALUES('643c326e002137342cf324b1','643c3268002137342cf3232b','643c3268002137342cf32377');
INSERT INTO permissions_roles VALUES('643c326e002137342cf324b2','643c3268002137342cf3232b','643c3268002137342cf32378');
INSERT INTO permissions_roles VALUES('643c326e002137342cf324b3','643c3268002137342cf3232b','643c3269002137342cf32397');
INSERT INTO permissions_roles VALUES('643c326e002137342cf324b4','643c3268002137342cf3232b','643c3269002137342cf32398');
INSERT INTO permissions_roles VALUES('643c326e002137342cf324b5','643c3268002137342cf3232c','643c3268002137342cf32341');
INSERT INTO permissions_roles VALUES('643c326e002137342cf324b6','643c3268002137342cf3232c','643c3268002137342cf32342');
INSERT INTO permissions_roles VALUES('643c326e002137342cf324b7','643c3268002137342cf3232c','643c3268002137342cf32344');
INSERT INTO permissions_roles VALUES('643c326e002137342cf324b8','643c3268002137342cf3232c','643c3268002137342cf32346');
INSERT INTO permissions_roles VALUES('643c326e002137342cf324b9','643c3268002137342cf3232c','643c3268002137342cf32347');
INSERT INTO permissions_roles VALUES('643c326e002137342cf324ba','643c3268002137342cf3232c','643c3268002137342cf32349');
INSERT INTO permissions_roles VALUES('643c326e002137342cf324bc','643c3268002137342cf3232c','643c3268002137342cf3234b');
INSERT INTO permissions_roles VALUES('643c326e002137342cf324bb','643c3268002137342cf3232c','643c3268002137342cf3234a');
INSERT INTO permissions_roles VALUES('643c326e002137342cf324bd','643c3268002137342cf3232c','643c3268002137342cf3234d');
INSERT INTO permissions_roles VALUES('643c326e002137342cf324be','643c3268002137342cf3232c','643c3268002137342cf32356');
INSERT INTO permissions_roles VALUES('643c326e002137342cf324bf','643c3268002137342cf3232c','643c3268002137342cf32357');
INSERT INTO permissions_roles VALUES('643c326e002137342cf324c0','643c3268002137342cf3232c','643c3268002137342cf3235c');
INSERT INTO permissions_roles VALUES('643c326e002137342cf324c1','643c3268002137342cf3232c','643c3268002137342cf3234f');
INSERT INTO permissions_roles VALUES('643c326e002137342cf324c2','643c3268002137342cf3232c','643c3268002137342cf32352');
INSERT INTO permissions_roles VALUES('643c326e002137342cf324c3','643c3268002137342cf3232c','643c3268002137342cf3237e');
INSERT INTO permissions_roles VALUES('643c326e002137342cf324c4','643c3268002137342cf3232c','643c3268002137342cf32381');
INSERT INTO permissions_roles VALUES('643c326e002137342cf324c5','643c3268002137342cf3232c','643c3269002137342cf3238b');
INSERT INTO permissions_roles VALUES('643c326e002137342cf324c6','643c3268002137342cf3232c','643c3269002137342cf3238c');
INSERT INTO permissions_roles VALUES('643c326e002137342cf324c7','643c3268002137342cf3232c','643c3268002137342cf32383');
INSERT INTO permissions_roles VALUES('643c326e002137342cf324c8','643c3268002137342cf3232c','643c3268002137342cf32384');
INSERT INTO permissions_roles VALUES('643c326e002137342cf324c9','643c3268002137342cf3232c','643c3268002137342cf32377');
INSERT INTO permissions_roles VALUES('643c326e002137342cf324ca','643c3268002137342cf3232c','643c3268002137342cf32378');
INSERT INTO permissions_roles VALUES('643c326e002137342cf324cb','643c3268002137342cf3232c','643c3269002137342cf32397');
INSERT INTO permissions_roles VALUES('643c326e002137342cf324cc','643c3268002137342cf3232c','643c3269002137342cf32398');
INSERT INTO permissions_roles VALUES('643c326e002137342cf324cd','643c3268002137342cf3232d','643c3268002137342cf32341');
INSERT INTO permissions_roles VALUES('643c326e002137342cf324ce','643c3268002137342cf3232d','643c3268002137342cf32342');
INSERT INTO permissions_roles VALUES('643c326e002137342cf324cf','643c3268002137342cf3232d','643c3268002137342cf32344');
INSERT INTO permissions_roles VALUES('643c326e002137342cf324d0','643c3268002137342cf3232d','643c3268002137342cf32346');
INSERT INTO permissions_roles VALUES('643c326e002137342cf324d1','643c3268002137342cf3232d','643c3268002137342cf32347');
INSERT INTO permissions_roles VALUES('643c326e002137342cf324d2','643c3268002137342cf3232d','643c3268002137342cf32349');
INSERT INTO permissions_roles VALUES('643c326e002137342cf324d3','643c3268002137342cf3232d','643c3268002137342cf3234a');
INSERT INTO permissions_roles VALUES('643c326e002137342cf324d4','643c3268002137342cf3232d','643c3268002137342cf3234b');
INSERT INTO permissions_roles VALUES('643c326e002137342cf324d5','643c3268002137342cf3232d','643c3268002137342cf32356');
INSERT INTO permissions_roles VALUES('643c326e002137342cf324d6','643c3268002137342cf3232d','643c3268002137342cf32357');
INSERT INTO permissions_roles VALUES('643c326e002137342cf324d7','643c3268002137342cf3232d','643c3268002137342cf3235c');
INSERT INTO permissions_roles VALUES('643c326e002137342cf324d8','643c3268002137342cf3232d','643c3268002137342cf3234f');
INSERT INTO permissions_roles VALUES('643c326e002137342cf324d9','643c3268002137342cf3232d','643c3268002137342cf3237e');
INSERT INTO permissions_roles VALUES('643c326e002137342cf324da','643c3268002137342cf3232d','643c3268002137342cf32381');
INSERT INTO permissions_roles VALUES('643c326e002137342cf324db','643c3268002137342cf3232d','643c3269002137342cf3238b');
INSERT INTO permissions_roles VALUES('643c326e002137342cf324dc','643c3268002137342cf3232d','643c3269002137342cf3238c');
CREATE TABLE `settings` (`id` varchar(24) not null, `group` varchar(50) not null default 'core', `key` varchar(50) not null, `value` text null, `type` varchar(50) not null, `flags` varchar(50) null, `created_at` datetime not null, `created_by` varchar(24) not null, `updated_at` datetime null, `updated_by` varchar(24) null, primary key (`id`));
INSERT INTO settings VALUES('643c326f002137342cf324de','core','last_mentions_report_email_timestamp',NULL,'number',NULL,'2023-04-16 17:37:51','1','2023-04-16 17:37:51','1');
INSERT INTO settings VALUES('643c326f002137342cf324df','core','db_hash','f498cb9f-b0f5-48b9-ad1b-4731d7ec5853','string',NULL,'2023-04-16 17:37:51','1','2023-04-16 17:37:51','1');
INSERT INTO settings VALUES('643c326f002137342cf324e0','core','routes_hash','3d180d52c663d173a6be791ef411ed01','string',NULL,'2023-04-16 17:37:51','1','2023-04-16 17:38:05','1');
INSERT INTO settings VALUES('643c326f002137342cf324e1','core','next_update_check','1682088301','number',NULL,'2023-04-16 17:37:51','1','2023-04-20 14:45:01','1');
INSERT INTO settings VALUES('643c326f002137342cf324e2','core','notifications','[{"dismissible":true,"location":"bottom","status":"alert","id":"643c337a002137342cf32548","createdAtVersion":"5.44.0","type":"warn","message":"Ghost is currently unable to send email. See https://ghost.org/docs/concepts/config/#mail for instructions.","seen":false,"addedAt":"2023-04-16T17:42:18.515Z"}]','array',NULL,'2023-04-16 17:37:51','1','2023-04-16 17:42:18','1');
INSERT INTO settings VALUES('643c326f002137342cf324e3','core','version_notifications','[]','array',NULL,'2023-04-16 17:37:51','1','2023-04-16 17:37:51','1');
INSERT INTO settings VALUES('643c326f002137342cf324e4','core','admin_session_secret','6d9eec27160e049a245ca071f29073b71cdeaf5873585c513fb040f1b93a28b6','string',NULL,'2023-04-16 17:37:51','1','2023-04-16 17:37:51','1');
INSERT INTO settings VALUES('643c326f002137342cf324e5','core','theme_session_secret','0a12a610e02e7dab2c927ae7cdd13a302b8989e5d2a632cf37d80b972f2c120f','string',NULL,'2023-04-16 17:37:51','1','2023-04-16 17:37:51','1');
INSERT INTO settings VALUES('643c326f002137342cf324e6','core','vontigo_public_key',replace('-----BEGIN RSA PUBLIC KEY-----\nMIGJAoGBALbjvGV/wJzHg8Y5pGD8Z+F2fFYslunEbV33DKvSno1+H6y5uTA04sF+9ImEpq3U\nzgDEvSOprmCzWJErvFe+nOCC6SfIIHeSTDEvJ7wiN5pSrVlTFLyYY3X5E5VOYTvUub9giXrb\nv7c1qMXlDNPYz3yMac4dsVhbtUKlZLpkeSFFAgMBAAE=\n-----END RSA PUBLIC KEY-----\n','\n',char(10)),'string',NULL,'2023-04-16 17:37:51','1','2023-04-16 17:37:51','1');
INSERT INTO settings VALUES('643c326f002137342cf324e7','core','vontigo_private_key',replace('-----BEGIN RSA PRIVATE KEY-----\nMIICXQIBAAKBgQC247xlf8Ccx4PGOaRg/GfhdnxWLJbpxG1d9wyr0p6Nfh+subkwNOLBfvSJ\nhKat1M4AxL0jqa5gs1iRK7xXvpzgguknyCB3kkwxLye8IjeaUq1ZUxS8mGN1+ROVTmE71Lm/\nYIl627+3NajF5QzT2M98jGnOHbFYW7VCpWS6ZHkhRQIDAQABAoGBAILSbm3wLzg2YyVFEDcr\n9abKWXBO3viCwHSphk/WDgJKSKAGDdjUy6r7hDJmR9AqW90i3eSHuKuFPoJBVa0yNQYRty8N\nYG+J6stibg9E6DiwMH8PHSxxgyVfD9xW6TPISvTK12jOu18X+kEPvWDntSaxlbo5BtghnKoJ\nJLmLeqVhAkEA5KHqfcvcboCnbFYwJ9fjhSl4J+PDxZIDYcDbQtsw39Ybc1ViY57wWlFK7OyC\nBUcgRaCqjMxAfElGUcQeq6JM+QJBAMzIGcwPyH2K6DjMU+2IX1hCJrWjr3P4eLvDIvGuCM7K\nSPoYcvoVs/45Tap5zEIrZd4C3ecug4U0NdSlqrBsRa0CQQCprbkXzzozEGwwrO5kQ4bphtNT\n12etsyWrYLPZNE9bb81DlTTF9mkuvnI6z3PXcufyhMDOaa/aDY+Qk1qnynYRAkATlEYzJocq\nya8uTwrvOQy0qY5962qJEgapHR0oMlWRP/H+R3wmwRB2jBAK7p5C7VdOBMQmqGHWyIklDbnm\nKFP5AkAGCJpz9TeCtuyzF/KgkmVjQAFdzA0oPCBF2e9yMC4t87J5Tiouy9idxwQxczNvo2a4\nWcCZ2trtS8GVQvVVRWmC\n-----END RSA PRIVATE KEY-----\n','\n',char(10)),'string',NULL,'2023-04-16 17:37:51','1','2023-04-16 17:37:51','1');
INSERT INTO settings VALUES('643c326f002137342cf324e8','core','members_public_key',replace('-----BEGIN RSA PUBLIC KEY-----\nMIGJAoGBAMIPiSiRmxt3s8EAbttaaqSk9PDuHG3TODDLcrguqwdw/1vvl8UhmM0ElepOBT6X\nI6CAiGm+PCLrIF9/tuBO+MFRA3IYr16UjjyMGcCiEgcWteefTKGfwj4WNk0vGbaQ5H9Nmuuc\nG73HKZSFrZjkc6N6vTNAG2V8F3g4JYcVVsfrAgMBAAE=\n-----END RSA PUBLIC KEY-----\n','\n',char(10)),'string',NULL,'2023-04-16 17:37:51','1','2023-04-16 17:37:51','1');
INSERT INTO settings VALUES('643c326f002137342cf324e9','core','members_private_key',replace('-----BEGIN RSA PRIVATE KEY-----\nMIICXQIBAAKBgQDCD4kokZsbd7PBAG7bWmqkpPTw7hxt0zgwy3K4LqsHcP9b75fFIZjNBJXq\nTgU+lyOggIhpvjwi6yBff7bgTvjBUQNyGK9elI48jBnAohIHFrXnn0yhn8I+FjZNLxm2kOR/\nTZrrnBu9xymUha2Y5HOjer0zQBtlfBd4OCWHFVbH6wIDAQABAoGBAIlOOLutmlNq9JJgXg9x\n//aSiIRX1WGXizBrIrZSvsw7FVLVSUs/pD+bOP9ZSLiqc5jCmMJIyX/jYTpwwNIgzjuuTKjH\nXHYwC6DaO5lnQXkkjEiTKnzaKtMveWvpYSCq+pIjhJcXCRvfb2y+iMPk8GgK7Qp1Nb2WkaMm\nBxIK8HlxAkEA4MGGtzZymF5Pqx/Cgdq+erR+4mtvncgm+d7mr3keO1DGiPtui7TkxOP6Syi3\nlQtadozhnc+xoHuXv4gjSLwubwJBAN0JpTjgYmGxoFP498LarOOoYqgrtxPmNTg1BSmHsij5\nHFztVvNRKCye0Vk9U/qjoOZ7Fcl4ZQeuJvwbt3Yn/EUCQFnUv9Vmi7LerxUEYqeoGE3O6o/w\nxPHZV8qzDpy/2hd3F4MUi4CHUpBnVljH82g823Faqap7otEz1NkWvpOJsz0CQANEpj2+C5ZY\nMv+q2bb21sGS9sp3wwA3UigfmJDxoa+7ZzD0jWmRlJ98RaolHv3At5tQzJSrBAtmBsuJeV/0\n3WUCQQDeG8RRhe8qsnAyOIC3hL7na5HbVE+fIsVLgE32Sdl5GrnOQrgK1qjBM6aSkWzm40ax\n8YBa6oIC7TSALkYbADWv\n-----END RSA PRIVATE KEY-----\n','\n',char(10)),'string',NULL,'2023-04-16 17:37:51','1','2023-04-16 17:37:51','1');
INSERT INTO settings VALUES('643c326f002137342cf324ea','core','members_email_auth_secret','22503539446411f2853eec5720d8e92a97972c41214dc1772f54b3fadb92b6b6274446cb51f18ab13bab3d5efce733ec8a177acc1095ec83c2e3813678a5d7d9','string',NULL,'2023-04-16 17:37:51','1','2023-04-16 17:37:51','1');
INSERT INTO settings VALUES('643c326f002137342cf324eb','core','members_stripe_webhook_id',NULL,'string',NULL,'2023-04-16 17:37:51','1','2023-04-16 17:37:51','1');
INSERT INTO settings VALUES('643c326f002137342cf324ec','core','members_stripe_webhook_secret',NULL,'string',NULL,'2023-04-16 17:37:51','1','2023-04-16 17:37:51','1');
INSERT INTO settings VALUES('643c326f002137342cf324ed','site','title','Vontigo','string','PUBLIC','2023-04-16 17:37:51','1','2023-04-20 14:46:30','1');
INSERT INTO settings VALUES('643c326f002137342cf324ee','site','description','Empower Your Content with AI: The Future-Ready Publishing Platform','string','PUBLIC','2023-04-16 17:37:51','1','2023-04-20 14:46:30','1');
INSERT INTO settings VALUES('643c326f002137342cf324ef','site','logo','','string',NULL,'2023-04-16 17:37:51','1','2023-04-16 17:37:51','1');
INSERT INTO settings VALUES('643c326f002137342cf324f0','site','cover_image','/content/en-us/images/size/_raw/2023/04/643c326f002137342cf324f0_main__share.jpg','string',NULL,'2023-04-16 17:37:51','1','2023-04-20 14:51:10','1');
INSERT INTO settings VALUES('643c326f002137342cf324f1','site','icon','','string',NULL,'2023-04-16 17:37:51','1','2023-04-16 17:37:51','1');
INSERT INTO settings VALUES('643c326f002137342cf324f2','site','accent_color','#000000','string','PUBLIC','2023-04-16 17:37:51','1','2023-04-20 14:51:10','1');
INSERT INTO settings VALUES('643c326f002137342cf324f3','site','locale','en-us','string',NULL,'2023-04-16 17:37:51','1','2023-04-20 14:46:30','1');
INSERT INTO settings VALUES('643c326f002137342cf324f4','site','timezone','Etc/UTC','string',NULL,'2023-04-16 17:37:51','1','2023-04-16 17:37:51','1');
INSERT INTO settings VALUES('643c326f002137342cf324f5','site','codeinjection_head','','string',NULL,'2023-04-16 17:37:51','1','2023-04-16 17:37:51','1');
INSERT INTO settings VALUES('643c326f002137342cf324f6','site','codeinjection_foot','','string',NULL,'2023-04-16 17:37:51','1','2023-04-16 17:37:51','1');
INSERT INTO settings VALUES('643c326f002137342cf324f7','site','facebook','vontigo','string',NULL,'2023-04-16 17:37:51','1','2023-04-20 14:46:30','1');
INSERT INTO settings VALUES('643c326f002137342cf324f8','site','twitter','@vontigo','string',NULL,'2023-04-16 17:37:51','1','2023-04-20 14:46:30','1');
INSERT INTO settings VALUES('643c326f002137342cf324f9','site','navigation','[{"label":"Home","url":"/"},{"label":"About us","url":"/about-us/"},{"label":"Collection","url":"/tag/getting-started/"},{"label":"Author","url":"/author/vontigo/"}]','array',NULL,'2023-04-16 17:37:51','1','2023-04-20 15:00:01','1');
INSERT INTO settings VALUES('643c326f002137342cf324fa','site','secondary_navigation',replace('[\n  {\n    "label": "Data & privacy",\n    "url": "/privacy/"\n  },\n  {\n    "label": "Contact",\n    "url": "/contact/"\n  },\n  {\n    "label": "Login",\n    "url": "/vontigo/"\n  },\n  {\n    "label": "Contribute ",\n    "url": "/contribute/"\n  }\n]','\n',char(10)),'array',NULL,'2023-04-16 17:37:51','1','2023-04-20 14:53:21','1');
INSERT INTO settings VALUES('643c326f002137342cf324fb','site','meta_title','Vontigo','string',NULL,'2023-04-16 17:37:51','1','2023-04-20 14:46:30','1');
INSERT INTO settings VALUES('643c326f002137342cf324fc','site','meta_description','Empower Your Content with AI: The Future-Ready Publishing Platform','string',NULL,'2023-04-16 17:37:51','1','2023-04-20 14:46:30','1');
INSERT INTO settings VALUES('643c326f002137342cf324fd','site','og_image',NULL,'string',NULL,'2023-04-16 17:37:51','1','2023-04-16 17:37:51','1');
INSERT INTO settings VALUES('643c326f002137342cf324fe','site','og_title','Vontigo','string',NULL,'2023-04-16 17:37:51','1','2023-04-20 14:46:30','1');
INSERT INTO settings VALUES('643c326f002137342cf324ff','site','og_description','Empower Your Content with AI: The Future-Ready Publishing Platform','string',NULL,'2023-04-16 17:37:51','1','2023-04-20 14:46:30','1');
INSERT INTO settings VALUES('643c326f002137342cf32500','site','twitter_image',NULL,'string',NULL,'2023-04-16 17:37:51','1','2023-04-16 17:37:51','1');
INSERT INTO settings VALUES('643c326f002137342cf32501','site','twitter_title','Vontigo','string',NULL,'2023-04-16 17:37:51','1','2023-04-20 14:46:30','1');
INSERT INTO settings VALUES('643c326f002137342cf32502','site','twitter_description','Empower Your Content with AI: The Future-Ready Publishing Platform','string',NULL,'2023-04-16 17:37:51','1','2023-04-20 14:46:30','1');
INSERT INTO settings VALUES('643c326f002137342cf32503','theme','active_theme','casper','string','RO','2023-04-16 17:37:51','1','2023-04-16 17:37:51','1');
INSERT INTO settings VALUES('643c326f002137342cf32504','private','is_private','false','boolean',NULL,'2023-04-16 17:37:51','1','2023-04-16 17:37:51','1');
INSERT INTO settings VALUES('643c326f002137342cf32505','private','password','','string',NULL,'2023-04-16 17:37:51','1','2023-04-16 17:37:51','1');
INSERT INTO settings VALUES('643c326f002137342cf32506','private','public_hash','ff61c32f8f91bc3644d5b7d04ecedf','string',NULL,'2023-04-16 17:37:51','1','2023-04-16 17:37:51','1');
INSERT INTO settings VALUES('643c326f002137342cf32507','members','default_content_visibility','public','string',NULL,'2023-04-16 17:37:51','1','2023-04-16 17:37:51','1');
INSERT INTO settings VALUES('643c326f002137342cf32508','members','default_content_visibility_tiers','[]','array',NULL,'2023-04-16 17:37:51','1','2023-04-16 17:37:51','1');
INSERT INTO settings VALUES('643c326f002137342cf32509','members','members_signup_access','invite','string',NULL,'2023-04-16 17:37:51','1','2023-04-18 05:15:02','1');
INSERT INTO settings VALUES('643c326f002137342cf3250a','members','members_support_address','noreply','string','PUBLIC,RO','2023-04-16 17:37:51','1','2023-04-16 17:37:51','1');
INSERT INTO settings VALUES('643c326f002137342cf3250b','members','stripe_secret_key',NULL,'string',NULL,'2023-04-16 17:37:51','1','2023-04-16 17:37:51','1');
INSERT INTO settings VALUES('643c326f002137342cf3250c','members','stripe_publishable_key',NULL,'string',NULL,'2023-04-16 17:37:51','1','2023-04-16 17:37:51','1');
INSERT INTO settings VALUES('643c326f002137342cf3250d','members','stripe_plans','[]','array',NULL,'2023-04-16 17:37:51','1','2023-04-16 17:37:51','1');
INSERT INTO settings VALUES('643c326f002137342cf3250e','members','stripe_connect_publishable_key',NULL,'string',NULL,'2023-04-16 17:37:51','1','2023-04-16 17:37:51','1');
INSERT INTO settings VALUES('643c326f002137342cf3250f','members','stripe_connect_secret_key',NULL,'string',NULL,'2023-04-16 17:37:51','1','2023-04-16 17:37:51','1');
INSERT INTO settings VALUES('643c326f002137342cf32510','members','stripe_connect_livemode',NULL,'boolean',NULL,'2023-04-16 17:37:51','1','2023-04-16 17:37:51','1');
INSERT INTO settings VALUES('643c326f002137342cf32511','members','stripe_connect_display_name',NULL,'string',NULL,'2023-04-16 17:37:51','1','2023-04-16 17:37:51','1');
INSERT INTO settings VALUES('643c326f002137342cf32512','members','stripe_connect_account_id',NULL,'string',NULL,'2023-04-16 17:37:51','1','2023-04-16 17:37:51','1');
INSERT INTO settings VALUES('643c326f002137342cf32513','members','members_monthly_price_id',NULL,'string',NULL,'2023-04-16 17:37:51','1','2023-04-16 17:37:51','1');
INSERT INTO settings VALUES('643c326f002137342cf32514','members','members_yearly_price_id',NULL,'string',NULL,'2023-04-16 17:37:51','1','2023-04-16 17:37:51','1');
INSERT INTO settings VALUES('643c326f002137342cf32515','members','members_track_sources','true','boolean',NULL,'2023-04-16 17:37:51','1','2023-04-16 17:37:51','1');
INSERT INTO settings VALUES('643c326f002137342cf32516','portal','portal_name','true','boolean',NULL,'2023-04-16 17:37:51','1','2023-04-16 17:37:51','1');
INSERT INTO settings VALUES('643c326f002137342cf32517','portal','portal_button','true','boolean',NULL,'2023-04-16 17:37:51','1','2023-04-16 17:37:51','1');
INSERT INTO settings VALUES('643c326f002137342cf32518','portal','portal_plans','["free"]','array',NULL,'2023-04-16 17:37:51','1','2023-04-16 17:37:51','1');
INSERT INTO settings VALUES('643c326f002137342cf32519','portal','portal_products','[]','array',NULL,'2023-04-16 17:37:51','1','2023-04-16 17:37:51','1');
INSERT INTO settings VALUES('643c326f002137342cf3251a','portal','portal_button_style','icon-and-text','string',NULL,'2023-04-16 17:37:51','1','2023-04-16 17:37:51','1');
INSERT INTO settings VALUES('643c326f002137342cf3251b','portal','portal_button_icon',NULL,'string',NULL,'2023-04-16 17:37:51','1','2023-04-16 17:37:51','1');
INSERT INTO settings VALUES('643c326f002137342cf3251c','portal','portal_button_signup_text','Subscribe','string',NULL,'2023-04-16 17:37:51','1','2023-04-16 17:37:51','1');
INSERT INTO settings VALUES('643c326f002137342cf3251d','portal','portal_signup_terms_html',NULL,'string',NULL,'2023-04-16 17:37:51','1','2023-04-16 17:37:51','1');
INSERT INTO settings VALUES('643c326f002137342cf3251e','portal','portal_signup_checkbox_required','false','boolean',NULL,'2023-04-16 17:37:51','1','2023-04-16 17:37:51','1');
INSERT INTO settings VALUES('643c326f002137342cf3251f','email','mailgun_domain',NULL,'string',NULL,'2023-04-16 17:37:51','1','2023-04-16 17:37:51','1');
INSERT INTO settings VALUES('643c326f002137342cf32520','email','mailgun_api_key',NULL,'string',NULL,'2023-04-16 17:37:51','1','2023-04-16 17:37:51','1');
INSERT INTO settings VALUES('643c326f002137342cf32521','email','mailgun_base_url',NULL,'string',NULL,'2023-04-16 17:37:51','1','2023-04-16 17:37:51','1');
INSERT INTO settings VALUES('643c326f002137342cf32522','email','email_track_opens','true','boolean',NULL,'2023-04-16 17:37:51','1','2023-04-16 17:37:51','1');
INSERT INTO settings VALUES('643c326f002137342cf32523','email','email_track_clicks','true','boolean',NULL,'2023-04-16 17:37:51','1','2023-04-16 17:37:51','1');
INSERT INTO settings VALUES('643c326f002137342cf32524','email','email_verification_required','false','boolean','RO','2023-04-16 17:37:51','1','2023-04-16 17:37:51','1');
INSERT INTO settings VALUES('643c326f002137342cf32525','amp','amp','false','boolean',NULL,'2023-04-16 17:37:51','1','2023-04-16 17:37:51','1');
INSERT INTO settings VALUES('643c326f002137342cf32526','amp','amp_gtag_id',NULL,'string',NULL,'2023-04-16 17:37:51','1','2023-04-16 17:37:51','1');
INSERT INTO settings VALUES('643c326f002137342cf32527','firstpromoter','firstpromoter','false','boolean',NULL,'2023-04-16 17:37:51','1','2023-04-16 17:37:51','1');
INSERT INTO settings VALUES('643c326f002137342cf32528','firstpromoter','firstpromoter_id',NULL,'string',NULL,'2023-04-16 17:37:51','1','2023-04-16 17:37:51','1');
INSERT INTO settings VALUES('643c326f002137342cf32529','labs','labs','{}','object',NULL,'2023-04-16 17:37:51','1','2023-04-16 17:37:51','1');
INSERT INTO settings VALUES('643c326f002137342cf3252a','slack','slack_url','','string',NULL,'2023-04-16 17:37:51','1','2023-04-16 17:37:51','1');
INSERT INTO settings VALUES('643c326f002137342cf3252b','slack','slack_username','Ghost','string',NULL,'2023-04-16 17:37:51','1','2023-04-16 17:37:51','1');
INSERT INTO settings VALUES('643c326f002137342cf3252c','unsplash','unsplash','true','boolean',NULL,'2023-04-16 17:37:51','1','2023-04-16 17:37:51','1');
INSERT INTO settings VALUES('643c326f002137342cf3252d','views','shared_views','[]','array',NULL,'2023-04-16 17:37:51','1','2023-04-16 17:37:51','1');
INSERT INTO settings VALUES('643c326f002137342cf3252e','editor','editor_default_email_recipients','visibility','string',NULL,'2023-04-16 17:37:51','1','2023-04-16 17:37:51','1');
INSERT INTO settings VALUES('643c326f002137342cf3252f','editor','editor_default_email_recipients_filter','all','string',NULL,'2023-04-16 17:37:51','1','2023-04-16 17:37:51','1');
INSERT INTO settings VALUES('643c326f002137342cf32530','comments','comments_enabled','off','string',NULL,'2023-04-16 17:37:51','1','2023-04-16 17:37:51','1');
INSERT INTO settings VALUES('643c326f002137342cf32531','analytics','outbound_link_tagging','true','boolean',NULL,'2023-04-16 17:37:51','1','2023-04-16 17:37:51','1');
INSERT INTO settings VALUES('643c326f002137342cf32532','brainiacminds','aim_url','https://vontigo.services.brainiacminds.com/beta','string',NULL,'2023-05-08 17:37:51','1','2023-05-08 17:37:51','1');
INSERT INTO settings VALUES('643c326f002137342cf32533','brainiacminds','aim_key','YOUR_OPENAI_KEY','string',NULL,'2023-05-08 17:37:51','1','2023-05-08 17:37:51','1');
INSERT INTO settings VALUES('643c326f002137342cf32534','brainiacminds','aim_mainpoints','technology','string',NULL,'2023-05-08 17:37:51','1','2023-05-08 17:37:51','1');
INSERT INTO settings VALUES('643c326f002137342cf32535','brainiacminds','aim_topics','artificial intelligence, ai','string',NULL,'2023-05-08 17:37:51','1','2023-05-08 17:37:51','1');
INSERT INTO settings VALUES('643c326f002137342cf32536','brainiacminds','aim_custom_prompt','Write a high-quality article on "{{title}}" that is engaging and informative for readers. ','text',NULL,'2023-05-08 17:37:51','1','2023-05-08 17:37:51','1');
INSERT INTO settings VALUES('643c326f002137342cf32537','brainiacminds','aim_using_custom_prompt','false','boolean',NULL,'2023-05-08 17:37:51','1','2023-05-08 17:37:51','1');
INSERT INTO settings VALUES('643c326f002137342cf32538','brainiacminds','aim_temperature','0.1','number',NULL,'2023-05-08 17:37:51','1','2023-05-08 17:37:51','1');
INSERT INTO settings VALUES('643c326f002137342cf32539','brainiacminds','aim_max_tokens','1000','number',NULL,'2023-05-08 17:37:51','1','2023-05-08 17:37:51','1');
INSERT INTO settings VALUES('643c326f002137342cf32540','brainiacminds','aim_article_max_words','250','number',NULL,'2023-05-08 17:37:51','1','2023-05-08 17:37:51','1');
INSERT INTO settings VALUES('643c326f002137342cf32541','google','iam_service_account_client_email','XXX.iam.gserviceaccount.com','string',NULL,'2023-05-08 17:37:51','1','2023-05-08 17:37:51','1');
INSERT INTO settings VALUES('643c326f002137342cf32542','google','iam_service_account_private_key','-----BEGIN PRIVATE...','string',NULL,'2023-05-08 17:37:51','1','2023-05-08 17:37:51','1');
INSERT INTO settings VALUES('643c326f002137342cf32543','google','analytics_measurement_id','G-1VTZ4YXXXX','string',NULL,'2023-05-08 17:37:51','1','2023-05-08 17:37:51','1');
INSERT INTO settings VALUES('643c326f002137342cf32544','google','analytics_view_id','189586732','string',NULL,'2023-05-08 17:37:51','1','2023-05-08 17:37:51','1');
CREATE TABLE `posts_tags` (`id` varchar(24) not null, `post_id` varchar(24) not null, `tag_id` varchar(24) not null, `sort_order` integer not null default '0', foreign key(`post_id`) references `posts`(`id`), foreign key(`tag_id`) references `tags`(`id`), primary key (`id`));
INSERT INTO posts_tags VALUES('64415239f228f05bd1c8e11a','64415225f228f05bd1c8e113','64415203f228f05bd1c8e111',0);
INSERT INTO posts_tags VALUES('644153c2f228f05bd1c8e136','644153a3f228f05bd1c8e12e','64415203f228f05bd1c8e111',0);
INSERT INTO posts_tags VALUES('6441547af228f05bd1c8e14f','64415446f228f05bd1c8e146','64415203f228f05bd1c8e111',0);
INSERT INTO posts_tags VALUES('644154c3f228f05bd1c8e15c','6441549ff228f05bd1c8e153','643c3268002137342cf32338',0);
INSERT INTO posts_tags VALUES('644e2e9b865024b3fcce5fd6','644df4295f1db93d441f0ebc','64415203f228f05bd1c8e111',0);
INSERT INTO posts_tags VALUES('644e2e9b865024b3fcce5fd7','644df4295f1db93d441f0ebc','643c3268002137342cf32338',1);
INSERT INTO posts_tags VALUES('644e2efe865024b3fcce5fd8','644154e9f228f05bd1c8e15f','643c3268002137342cf32338',0);
INSERT INTO posts_tags VALUES('644e2f12865024b3fcce5fde','644e245eaeb8d80868c6e4c3','643c3268002137342cf32338',0);
INSERT INTO posts_tags VALUES('644e2f12865024b3fcce5fdf','644e245eaeb8d80868c6e4c3','64415203f228f05bd1c8e111',1);
INSERT INTO posts_tags VALUES('644e4ff35de44f549d24230f','643c3269002137342cf323a7','643c3268002137342cf32338',0);
INSERT INTO posts_tags VALUES('645126ce7c95253f0125d6d6','644e4604aeb8d80868c6e4c6','643c3268002137342cf32338',0);
INSERT INTO posts_tags VALUES('645cf3e4c64ba87568acb095','645cf2a06c7c7c2738978099','643c3268002137342cf32338',0);
INSERT INTO posts_tags VALUES('645cf6b29c446481ba914916','645cf6336c7c7c273897809d','643c3268002137342cf32338',0);
INSERT INTO posts_tags VALUES('645cf77c9c446481ba914918','645cf6c76c7c7c273897809f','64415203f228f05bd1c8e111',0);
INSERT INTO posts_tags VALUES('645cf81d9c446481ba91491a','645cf7e86c7c7c27389780a1','643c3268002137342cf32338',0);
INSERT INTO posts_tags VALUES('645cf91b9c446481ba91491c','645cf86e6c7c7c27389780a3','643c3268002137342cf32338',0);
INSERT INTO posts_tags VALUES('645cf9f2463678c1113997f6','645cf95c6c7c7c27389780a5','643c3268002137342cf32338',0);
INSERT INTO posts_tags VALUES('645cfb2e463678c1113997f9','645cfa716c7c7c27389780a7','643c3268002137342cf32338',0);
INSERT INTO posts_tags VALUES('645cfb2e463678c1113997fa','645cfa716c7c7c27389780a7','64415203f228f05bd1c8e111',1);
CREATE TABLE `invites` (`id` varchar(24) not null, `role_id` varchar(24) not null, `status` varchar(50) not null default 'pending', `token` varchar(191) not null, `email` varchar(191) not null, `expires` bigint not null, `created_at` datetime not null, `created_by` varchar(24) not null, `updated_at` datetime null, `updated_by` varchar(24) null, primary key (`id`));
CREATE TABLE `brute` (`key` varchar(191) not null, `firstRequest` bigint not null, `lastRequest` bigint not null, `lifetime` bigint not null, `count` integer not null, primary key (`key`));
INSERT INTO brute VALUES('oHUubZQTM66eOWJCFaoi+8dO/eXPG5zwBOW8P5YAuKM=',1681666938672,1681666938672,1681670538673,1);
CREATE TABLE `sessions` (`id` varchar(24) not null, `session_id` varchar(32) not null, `user_id` varchar(24) not null, `session_data` varchar(2000) not null, `created_at` datetime not null, `updated_at` datetime null, primary key (`id`));
INSERT INTO sessions VALUES('643c337a002137342cf32549','h2NgZfzIelxvaYkQImiCro1_FGtRWXG6','1','{"cookie":{"originalMaxAge":15768000000,"expires":"2023-10-16T05:42:18.839Z","secure":false,"httpOnly":true,"path":"/ghost","sameSite":"lax"},"user_id":"1","origin":"http://localhost:2368","user_agent":"Mozilla/5.0 (Windows NT 10.0; Win64; x64) AppleWebKit/537.36 (KHTML, like Gecko) Chrome/112.0.0.0 Safari/537.36 Edg/112.0.1722.39","ip":"127.0.0.1"}',1681666938843,1681666938843);
CREATE TABLE `integrations` (`id` varchar(24) not null, `type` varchar(50) not null default 'custom', `name` varchar(191) not null, `slug` varchar(191) not null, `icon_image` varchar(2000) null, `description` varchar(2000) null, `created_at` datetime not null, `created_by` varchar(24) not null, `updated_at` datetime null, `updated_by` varchar(24) null, primary key (`id`));
INSERT INTO integrations VALUES('643c326e002137342cf323ab','builtin','Zapier','zapier',NULL,'Built-in Zapier integration','2023-04-16 17:37:50','1','2023-04-16 17:37:50','1');
INSERT INTO integrations VALUES('643c326e002137342cf323ad','core','Ghost Explore','ghost-explore',NULL,'Built-in Ghost Explore integration','2023-04-16 17:37:50','1','2023-04-16 17:37:50','1');
INSERT INTO integrations VALUES('643c326e002137342cf323af','core','Self-Serve Migration Integration','self-serve-migration',NULL,'Core Self-Serve Migration integration','2023-04-16 17:37:50','1','2023-04-16 17:37:50','1');
INSERT INTO integrations VALUES('643c326e002137342cf323b1','internal','Ghost Backup','ghost-backup',NULL,'Internal DB Backup integration','2023-04-16 17:37:50','1','2023-04-16 17:37:50','1');
INSERT INTO integrations VALUES('643c326e002137342cf323b3','internal','Ghost Scheduler','ghost-scheduler',NULL,'Internal Scheduler integration','2023-04-16 17:37:50','1','2023-04-16 17:37:50','1');
INSERT INTO integrations VALUES('643c326e002137342cf323b5','internal','Ghost Internal Frontend','ghost-internal-frontend',NULL,'Internal frontend integration','2023-04-16 17:37:50','1','2023-04-16 17:37:50','1');
CREATE TABLE `webhooks` (`id` varchar(24) not null, `event` varchar(50) not null, `target_url` varchar(2000) not null, `name` varchar(191) null, `secret` varchar(191) null, `api_version` varchar(50) not null default 'v2', `integration_id` varchar(24) not null, `last_triggered_at` datetime null, `last_triggered_status` varchar(50) null, `last_triggered_error` varchar(50) null, `created_at` datetime not null, `created_by` varchar(24) not null, `updated_at` datetime null, `updated_by` varchar(24) null, foreign key(`integration_id`) references `integrations`(`id`) on delete CASCADE, primary key (`id`));
CREATE TABLE `api_keys` (`id` varchar(24) not null, `type` varchar(50) not null, `secret` varchar(191) not null, `role_id` varchar(24) null, `integration_id` varchar(24) null, `user_id` varchar(24) null, `last_seen_at` datetime null, `last_seen_version` varchar(50) null, `created_at` datetime not null, `created_by` varchar(24) not null, `updated_at` datetime null, `updated_by` varchar(24) null, primary key (`id`));
INSERT INTO api_keys VALUES('643c326e002137342cf323ac','admin','37a5077641a6b60f189e61c99fb6737f029aa6605d7c01ebbb3a516df335ab11','643c3268002137342cf3232f','643c326e002137342cf323ab',NULL,NULL,NULL,1681666670236,'1',1681666670236,'1');
INSERT INTO api_keys VALUES('643c326e002137342cf323ae','admin','399bbba8f4a47742cf075d8fbb425fb6d9828ca838c1056985ac4c3f0536de2c','643c3268002137342cf32330','643c326e002137342cf323ad',NULL,NULL,NULL,1681666670244,'1',1681666670244,'1');
INSERT INTO api_keys VALUES('643c326e002137342cf323b0','admin','97aab35ac98eb32ff172e245e5c240576ea06c18cede9c944e84ec522ec380a9','643c3268002137342cf32331','643c326e002137342cf323af',NULL,NULL,NULL,1681666670252,'1',1681666670252,'1');
INSERT INTO api_keys VALUES('643c326e002137342cf323b2','admin','9f0d1505f1264e4353cdf07db57f21433e9011247a328484ae78da05b15e1aa1','643c3268002137342cf32332','643c326e002137342cf323b1',NULL,NULL,NULL,1681666670259,'1',1681666670259,'1');
INSERT INTO api_keys VALUES('643c326e002137342cf323b4','admin','ff4a4f0b34b89d2b6bdbd0bc2e47a3c293fb890080c6a21c271394b85b571d32','643c3268002137342cf32333','643c326e002137342cf323b3',NULL,NULL,NULL,1681666670267,'1',1681666670267,'1');
INSERT INTO api_keys VALUES('643c326e002137342cf323b6','content','88c4c9b3eb3327f57c99c740a6',NULL,'643c326e002137342cf323b5',NULL,NULL,NULL,1681666670275,'1',1681666670275,'1');
CREATE TABLE `mobiledoc_revisions` (`id` varchar(24) not null, `post_id` varchar(24) not null, `mobiledoc` text null, `created_at_ts` bigint not null, `created_at` datetime not null, primary key (`id`));
INSERT INTO mobiledoc_revisions VALUES('643c3378002137342cf32542','643c3269002137342cf323a7','{"version":"0.3.1","atoms":[],"cards":[],"markups":[["a",["href","#/portal/","rel","noopener noreferrer"]]],"sections":[[1,"p",[[0,[],0,"This is a brand new site that''s just getting started. Things will be up and running here shortly, but you can "],[0,[0],1,"subscribe"],[0,[],0," in the meantime if you''d like to stay up to date and receive emails when new content is published!"]]]],"ghostVersion":"4.0"}',1681666936375,'2023-04-16 17:42:16');
INSERT INTO mobiledoc_revisions VALUES('643c3378002137342cf32543','643c3269002137342cf323a7','{"version":"0.3.1","atoms":[],"cards":[],"markups":[["a",["href","#/portal/"]]],"sections":[[1,"p",[[0,[],0,"This is Ghost Demo, a brand new site by Huy Nguyen that''s just getting started. Things will be up and running here shortly, but you can "],[0,[0],1,"subscribe"],[0,[],0," in the meantime if you''d like to stay up to date and receive emails when new content is published!"]]]],"ghostVersion":"4.0"}',1681666936376,'2023-04-16 17:42:16');
INSERT INTO mobiledoc_revisions VALUES('643c3378002137342cf32544','643c326e002137342cf323a9','{"version":"0.3.1","atoms":[],"cards":[["hr",{}]],"markups":[["a",["href","https://ghost.org"]]],"sections":[[1,"p",[[0,[],0,"This is an independent publication. If you subscribe today, you''ll get full access to the website as well as email newsletters about new content when it''s available. Your subscription makes this site possible. Thank you!"]]],[1,"h3",[[0,[],0,"Access all areas"]]],[1,"p",[[0,[],0,"By signing up, you''ll get access to the full archive of everything that''s been published before and everything that''s still to come. Your very own private library."]]],[1,"h3",[[0,[],0,"Fresh content, delivered"]]],[1,"p",[[0,[],0,"Stay up to date with new content sent straight to your inbox! No more worrying about whether you missed something because of a pesky algorithm or news feed."]]],[1,"h3",[[0,[],0,"Meet people like you"]]],[1,"p",[[0,[],0,"Join a community of other subscribers who share the same interests."]]],[10,0],[1,"h3",[[0,[],0,"Start your own thing"]]],[1,"p",[[0,[],0,"Enjoying the experience? Get started for free and set up your very own subscription business using "],[0,[0],1,"Ghost"],[0,[],0,", the same platform that powers this website."]]]],"ghostVersion":"4.0"}',1681666936427,'2023-04-16 17:42:16');
INSERT INTO mobiledoc_revisions VALUES('643c3378002137342cf32545','643c326e002137342cf323a9','{"version":"0.3.1","atoms":[],"cards":[["hr",{}]],"markups":[["a",["href","https://ghost.org"]]],"sections":[[1,"p",[[0,[],0,"Ghost Demo is an independent publication launched in April 2023 by Huy Nguyen. If you subscribe today, you''ll get full access to the website as well as email newsletters about new content when it''s available. Your subscription makes this site possible, and allows Ghost Demo to continue to exist. Thank you!"]]],[1,"h3",[[0,[],0,"Access all areas"]]],[1,"p",[[0,[],0,"By signing up, you''ll get access to the full archive of everything that''s been published before and everything that''s still to come. Your very own private library."]]],[1,"h3",[[0,[],0,"Fresh content, delivered"]]],[1,"p",[[0,[],0,"Stay up to date with new content sent straight to your inbox! No more worrying about whether you missed something because of a pesky algorithm or news feed."]]],[1,"h3",[[0,[],0,"Meet people like you"]]],[1,"p",[[0,[],0,"Join a community of other subscribers who share the same interests."]]],[10,0],[1,"h3",[[0,[],0,"Start your own thing"]]],[1,"p",[[0,[],0,"Enjoying the experience? Get started for free and set up your very own subscription business using "],[0,[0],1,"Ghost"],[0,[],0,", the same platform that powers this website."]]]],"ghostVersion":"4.0"}',1681666936428,'2023-04-16 17:42:16');
INSERT INTO mobiledoc_revisions VALUES('64415226f228f05bd1c8e115','64415225f228f05bd1c8e113','{"version":"0.3.1","ghostVersion":"4.0","markups":[],"atoms":[],"cards":[],"sections":[[1,"p",[[0,[],0,""]]]]}',1682002470261,'2023-04-20 14:54:30');
INSERT INTO mobiledoc_revisions VALUES('64415239f228f05bd1c8e11b','64415225f228f05bd1c8e113','{"version":"0.3.1","atoms":[],"cards":[],"markups":[],"sections":[[1,"p",[]]],"ghostVersion":"4.0"}',1682002489826,'2023-04-20 14:54:49');
INSERT INTO mobiledoc_revisions VALUES('6441524df228f05bd1c8e11d','64415225f228f05bd1c8e113','{"version":"0.3.1","atoms":[],"cards":[["hr",{}]],"markups":[["strong"]],"sections":[[1,"p",[[0,[0,0],2,"Hey there"],[0,[],0,", welcome to your new home on the web!"]]],[1,"p",[[0,[],0,"Unlike social networks, this one is all yours. Publish your work on a custom domain, invite your audience to subscribe, send them new content by email newsletter, and offer premium subscriptions to generate sustainable recurring revenue to fund your work."]]],[1,"p",[[0,[],0,"Ghost is an independent, open source app, which means you can customize absolutely everything. Inside the admin area, you''ll find straightforward controls for changing themes, colors, navigation, logos and settings  so you can set your site up just how you like it. No technical knowledge required."]]],[1,"p",[[0,[],0,"If you''re feeling a little more adventurous, there''s really no limit to what''s possible. With just a little bit of HTML and CSS you can modify or build your very own theme from scratch, or connect to Zapier to explore advanced integrations. Advanced developers can go even further and build entirely custom workflows using the Ghost API."]]],[1,"p",[[0,[],0,"This level of customization means that Ghost grows with you. It''s easy to get started, but there''s always another level of what''s possible. So, you won''t find yourself outgrowing the app in a few months time and wishing you''d chosen something more powerful!"]]],[10,0],[1,"p",[[0,[],0,"For now, you''re probably just wondering what to do first. To help get you going as quickly as possible, we''ve populated your site with starter content (like this post!) covering all the key concepts and features of the product."]]],[1,"p",[[0,[],0,"You''ll find an outline of all the different topics below, with links to each section so you can explore the parts that interest you most."]]],[1,"p",[[0,[],0,"Once you''re ready to begin publishing and want to clear out these starter posts, you can delete the \"Ghost\" staff user. Deleting an author will automatically remove all of their posts, leaving you with a clean blank canvas."]]]],"ghostVersion":"4.0"}',1682002509200,'2023-04-20 14:55:09');
INSERT INTO mobiledoc_revisions VALUES('6441525bf228f05bd1c8e11f','64415225f228f05bd1c8e113','{"version":"0.3.1","atoms":[],"cards":[["hr",{}]],"markups":[["strong"]],"sections":[[1,"p",[[0,[0,0],2,"Hey there"],[0,[],0,", welcome to your new home on the web!"]]],[1,"p",[[0,[],0,"Unlike social networks, this one is all yours. Publish your work on a custom domain, invite your audience to subscribe, send them new content by email newsletter, and offer premium subscriptions to generate sustainable recurring revenue to fund your work."]]],[1,"p",[[0,[],0,"Vontigo is an independent, open source app, which means you can customize absolutely everything. Inside the admin area, you''ll find straightforward controls for changing themes, colors, navigation, logos and settings  so you can set your site up just how you like it. No technical knowledge required."]]],[1,"p",[[0,[],0,"If you''re feeling a little more adventurous, there''s really no limit to what''s possible. With just a little bit of HTML and CSS you can modify or build your very own theme from scratch, or connect to Zapier to explore advanced integrations. Advanced developers can go even further and build entirely custom workflows using the Ghost API."]]],[1,"p",[[0,[],0,"This level of customization means that Ghost grows with you. It''s easy to get started, but there''s always another level of what''s possible. So, you won''t find yourself outgrowing the app in a few months time and wishing you''d chosen something more powerful!"]]],[10,0],[1,"p",[[0,[],0,"For now, you''re probably just wondering what to do first. To help get you going as quickly as possible, we''ve populated your site with starter content (like this post!) covering all the key concepts and features of the product."]]],[1,"p",[[0,[],0,"You''ll find an outline of all the different topics below, with links to each section so you can explore the parts that interest you most."]]],[1,"p",[[0,[],0,"Once you''re ready to begin publishing and want to clear out these starter posts, you can delete the \"Ghost\" staff user. Deleting an author will automatically remove all of their posts, leaving you with a clean blank canvas."]]]],"ghostVersion":"4.0"}',1682002523718,'2023-04-20 14:55:23');
INSERT INTO mobiledoc_revisions VALUES('64415264f228f05bd1c8e121','64415225f228f05bd1c8e113','{"version":"0.3.1","atoms":[],"cards":[["hr",{}]],"markups":[["strong"]],"sections":[[1,"p",[[0,[0,0],2,"Hey there"],[0,[],0,", welcome to your new home on the web!"]]],[1,"p",[[0,[],0,"Unlike social networks, this one is all yours. Publish your work on a custom domain, invite your audience to subscribe, send them new content by email newsletter, and offer premium subscriptions to generate sustainable recurring revenue to fund your work."]]],[1,"p",[[0,[],0,"Vontigo is an independent, open source app, which means you can customize absolutely everything. Inside the admin area, you''ll find straightforward controls for changing themes, colors, navigation, logos and settings  so you can set your site up just how you like it. No technical knowledge required."]]],[1,"p",[[0,[],0,"If you''re feeling a little more adventurous, there''s really no limit to what''s possible. With just a little bit of HTML and CSS you can modify or build your very own theme from scratch, or connect to Zapier to explore advanced integrations. Advanced developers can go even further and build entirely custom workflows using the Vontigo API."]]],[1,"p",[[0,[],0,"This level of customization means that Ghost grows with you. It''s easy to get started, but there''s always another level of what''s possible. So, you won''t find yourself outgrowing the app in a few months time and wishing you''d chosen something more powerful!"]]],[10,0],[1,"p",[[0,[],0,"For now, you''re probably just wondering what to do first. To help get you going as quickly as possible, we''ve populated your site with starter content (like this post!) covering all the key concepts and features of the product."]]],[1,"p",[[0,[],0,"You''ll find an outline of all the different topics below, with links to each section so you can explore the parts that interest you most."]]],[1,"p",[[0,[],0,"Once you''re ready to begin publishing and want to clear out these starter posts, you can delete the \"Ghost\" staff user. Deleting an author will automatically remove all of their posts, leaving you with a clean blank canvas."]]]],"ghostVersion":"4.0"}',1682002532187,'2023-04-20 14:55:32');
INSERT INTO mobiledoc_revisions VALUES('64415269f228f05bd1c8e123','64415225f228f05bd1c8e113','{"version":"0.3.1","atoms":[],"cards":[["hr",{}]],"markups":[["strong"]],"sections":[[1,"p",[[0,[0,0],2,"Hey there"],[0,[],0,", welcome to your new home on the web!"]]],[1,"p",[[0,[],0,"Unlike social networks, this one is all yours. Publish your work on a custom domain, invite your audience to subscribe, send them new content by email newsletter, and offer premium subscriptions to generate sustainable recurring revenue to fund your work."]]],[1,"p",[[0,[],0,"Vontigo is an independent, open source app, which means you can customize absolutely everything. Inside the admin area, you''ll find straightforward controls for changing themes, colors, navigation, logos and settings  so you can set your site up just how you like it. No technical knowledge required."]]],[1,"p",[[0,[],0,"If you''re feeling a little more adventurous, there''s really no limit to what''s possible. With just a little bit of HTML and CSS you can modify or build your very own theme from scratch, or connect to Zapier to explore advanced integrations. Advanced developers can go even further and build entirely custom workflows using the Vontigo API."]]],[1,"p",[[0,[],0,"This level of customization means that Vontigo grows with you. It''s easy to get started, but there''s always another level of what''s possible. So, you won''t find yourself outgrowing the app in a few months time and wishing you''d chosen something more powerful!"]]],[10,0],[1,"p",[[0,[],0,"For now, you''re probably just wondering what to do first. To help get you going as quickly as possible, we''ve populated your site with starter content (like this post!) covering all the key concepts and features of the product."]]],[1,"p",[[0,[],0,"You''ll find an outline of all the different topics below, with links to each section so you can explore the parts that interest you most."]]],[1,"p",[[0,[],0,"Once you''re ready to begin publishing and want to clear out these starter posts, you can delete the \"Ghost\" staff user. Deleting an author will automatically remove all of their posts, leaving you with a clean blank canvas."]]]],"ghostVersion":"4.0"}',1682002537130,'2023-04-20 14:55:37');
INSERT INTO mobiledoc_revisions VALUES('6441526df228f05bd1c8e125','64415225f228f05bd1c8e113','{"version":"0.3.1","atoms":[],"cards":[["hr",{}]],"markups":[["strong"]],"sections":[[1,"p",[[0,[0,0],2,"Hey there"],[0,[],0,", welcome to your new home on the web!"]]],[1,"p",[[0,[],0,"Unlike social networks, this one is all yours. Publish your work on a custom domain, invite your audience to subscribe, send them new content by email newsletter, and offer premium subscriptions to generate sustainable recurring revenue to fund your work."]]],[1,"p",[[0,[],0,"Vontigo is an independent, open source app, which means you can customize absolutely everything. Inside the admin area, you''ll find straightforward controls for changing themes, colors, navigation, logos and settings  so you can set your site up just how you like it. No technical knowledge required."]]],[1,"p",[[0,[],0,"If you''re feeling a little more adventurous, there''s really no limit to what''s possible. With just a little bit of HTML and CSS you can modify or build your very own theme from scratch, or connect to Zapier to explore advanced integrations. Advanced developers can go even further and build entirely custom workflows using the Vontigo API."]]],[1,"p",[[0,[],0,"This level of customization means that Vontigo grows with you. It''s easy to get started, but there''s always another level of what''s possible. So, you won''t find yourself outgrowing the app in a few months time and wishing you''d chosen something more powerful!"]]],[10,0],[1,"p",[[0,[],0,"For now, you''re probably just wondering what to do first. To help get you going as quickly as possible, we''ve populated your site with starter content (like this post!) covering all the key concepts and features of the product."]]],[1,"p",[[0,[],0,"You''ll find an outline of all the different topics below, with links to each section so you can explore the parts that interest you most."]]],[1,"p",[[0,[],0,"Once you''re ready to begin publishing and want to clear out these starter posts, you can delete the \"Vontigo\" staff user. Deleting an author will automatically remove all of their posts, leaving you with a clean blank canvas."]]]],"ghostVersion":"4.0"}',1682002541737,'2023-04-20 14:55:41');
INSERT INTO mobiledoc_revisions VALUES('64415281f228f05bd1c8e127','64415225f228f05bd1c8e113','{"version":"0.3.1","atoms":[],"cards":[["hr",{}],["hr",{}]],"markups":[["strong"],["a",["href","https://demo.ghost.io/design/"]],["a",["href","https://demo.ghost.io/write/"]],["a",["href","https://demo.ghost.io/portal/"]],["a",["href","https://demo.ghost.io/sell/"]],["a",["href","https://demo.ghost.io/grow/"]],["a",["href","https://demo.ghost.io/integrations/"]],["a",["href","https://ghost.org/blog/?ref=demo.ghost.io"]],["a",["href","https://ghost.org/pricing/?ref=demo.ghost.io"]],["em"],["a",["href","https://forum.ghost.org/?ref=demo.ghost.io"]]],"sections":[[1,"p",[[0,[0,0],2,"Hey there"],[0,[],0,", welcome to your new home on the web!"]]],[1,"p",[[0,[],0,"Unlike social networks, this one is all yours. Publish your work on a custom domain, invite your audience to subscribe, send them new content by email newsletter, and offer premium subscriptions to generate sustainable recurring revenue to fund your work."]]],[1,"p",[[0,[],0,"Vontigo is an independent, open source app, which means you can customize absolutely everything. Inside the admin area, you''ll find straightforward controls for changing themes, colors, navigation, logos and settings  so you can set your site up just how you like it. No technical knowledge required."]]],[1,"p",[[0,[],0,"If you''re feeling a little more adventurous, there''s really no limit to what''s possible. With just a little bit of HTML and CSS you can modify or build your very own theme from scratch, or connect to Zapier to explore advanced integrations. Advanced developers can go even further and build entirely custom workflows using the Vontigo API."]]],[1,"p",[[0,[],0,"This level of customization means that Vontigo grows with you. It''s easy to get started, but there''s always another level of what''s possible. So, you won''t find yourself outgrowing the app in a few months time and wishing you''d chosen something more powerful!"]]],[10,0],[1,"p",[[0,[],0,"For now, you''re probably just wondering what to do first. To help get you going as quickly as possible, we''ve populated your site with starter content (like this post!) covering all the key concepts and features of the product."]]],[1,"p",[[0,[],0,"You''ll find an outline of all the different topics below, with links to each section so you can explore the parts that interest you most."]]],[1,"p",[[0,[],0,"Once you''re ready to begin publishing and want to clear out these starter posts, you can delete the \"Vontigo\" staff user. Deleting an author will automatically remove all of their posts, leaving you with a clean blank canvas."]]],[1,"h2",[[0,[0],1,"Your guide to Ghost"]]],[3,"ul",[[[0,[1],1,"Customizing your brand and site settings"]],[[0,[2],1,"Writing & managing content, an advanced guide for creators"]],[[0,[3],1,"Building your audience with subscriber signups"]],[[0,[4],1,"Selling premium memberships with recurring revenue"]],[[0,[5],1,"How to grow your business around an audience"]],[[0,[6],1,"Setting up custom integrations and apps"]]]],[1,"p",[[0,[],0,"If you get through all those and you''re hungry for more, you can find an extensive library of content for creators over on "],[0,[7],1,"the Ghost blog"],[0,[],0,"."]]],[10,1],[1,"h2",[[0,[0],1,"Getting help"]]],[1,"p",[[0,[],0,"If you need help, "],[0,[8],1,"Ghost(Pro)"],[0,[],0," customers can always reach our full-time support team by clicking on the "],[0,[9,9],2,"Ghost(Pro)"],[0,[],0," link inside their admin panel."]]],[1,"p",[[0,[],0,"If you''re a developer working with the codebase in a self-managed install, check out our "],[0,[10],1,"developer community forum"],[0,[],0," to chat with other users."]]],[1,"p",[[0,[],0,"Have fun!"]]]],"ghostVersion":"4.0"}',1682002561490,'2023-04-20 14:56:01');
INSERT INTO mobiledoc_revisions VALUES('644153a3f228f05bd1c8e130','644153a3f228f05bd1c8e12e','{"version":"0.3.1","ghostVersion":"4.0","markups":[],"atoms":[],"cards":[],"sections":[[1,"p",[[0,[],0,""]]]]}',1682002851389,'2023-04-20 15:00:51');
INSERT INTO mobiledoc_revisions VALUES('644153c2f228f05bd1c8e137','644153a3f228f05bd1c8e12e','{"version":"0.3.1","atoms":[],"cards":[],"markups":[["a",["href","https://demo.ghost.io/welcome/"]]],"sections":[[1,"p",[[0,[],0,"As discussed in the "],[0,[0],1,"introduction"],[0,[],0," post, one of the best things about Ghost is just how much you can customize to turn your site into something unique. Everything about your layout and design can be changed, so you''re not stuck with yet another clone of a social network profile."]]],[1,"p",[[0,[],0,"How far you want to go with customization is completely up to you, there''s no right or wrong approach! The majority of people use one of Ghost''s built-in themes to get started, and then progress to something more bespoke later on as their site grows."]]],[1,"p",[[0,[],0,"The best way to get started is with Ghost''s branding settings, where you can set up colors, images and logos to fit with your brand."]]]],"ghostVersion":"4.0"}',1682002882302,'2023-04-20 15:01:22');
INSERT INTO mobiledoc_revisions VALUES('644153c9f228f05bd1c8e139','644153a3f228f05bd1c8e12e','{"version":"0.3.1","atoms":[],"cards":[["image",{"src":"http://localhost:2368/content/images/2023/04/image.png","width":3456,"height":2338}]],"markups":[["a",["href","https://demo.ghost.io/welcome/"]]],"sections":[[1,"p",[[0,[],0,"As discussed in the "],[0,[0],1,"introduction"],[0,[],0," post, one of the best things about Ghost is just how much you can customize to turn your site into something unique. Everything about your layout and design can be changed, so you''re not stuck with yet another clone of a social network profile."]]],[1,"p",[[0,[],0,"How far you want to go with customization is completely up to you, there''s no right or wrong approach! The majority of people use one of Ghost''s built-in themes to get started, and then progress to something more bespoke later on as their site grows."]]],[1,"p",[[0,[],0,"The best way to get started is with Ghost''s branding settings, where you can set up colors, images and logos to fit with your brand."]]],[10,0]],"ghostVersion":"4.0"}',1682002889156,'2023-04-20 15:01:29');
INSERT INTO mobiledoc_revisions VALUES('644153cef228f05bd1c8e13b','644153a3f228f05bd1c8e12e','{"version":"0.3.1","atoms":[],"cards":[["image",{"src":"http://localhost:2368/content/images/2023/04/image.png","width":3456,"height":2338,"cardWidth":"wide"}]],"markups":[["a",["href","https://demo.ghost.io/welcome/"]]],"sections":[[1,"p",[[0,[],0,"As discussed in the "],[0,[0],1,"introduction"],[0,[],0," post, one of the best things about Ghost is just how much you can customize to turn your site into something unique. Everything about your layout and design can be changed, so you''re not stuck with yet another clone of a social network profile."]]],[1,"p",[[0,[],0,"How far you want to go with customization is completely up to you, there''s no right or wrong approach! The majority of people use one of Ghost''s built-in themes to get started, and then progress to something more bespoke later on as their site grows."]]],[1,"p",[[0,[],0,"The best way to get started is with Ghost''s branding settings, where you can set up colors, images and logos to fit with your brand."]]],[10,0]],"ghostVersion":"4.0"}',1682002894341,'2023-04-20 15:01:34');
INSERT INTO mobiledoc_revisions VALUES('644153d8f228f05bd1c8e13d','644153a3f228f05bd1c8e12e','{"version":"0.3.1","atoms":[],"cards":[["image",{"src":"http://localhost:2368/content/images/2023/04/image.png","width":3456,"height":2338,"cardWidth":"wide","caption":"Ghost Admin  Settings  Branding"}]],"markups":[["a",["href","https://demo.ghost.io/welcome/"]]],"sections":[[1,"p",[[0,[],0,"As discussed in the "],[0,[0],1,"introduction"],[0,[],0," post, one of the best things about Ghost is just how much you can customize to turn your site into something unique. Everything about your layout and design can be changed, so you''re not stuck with yet another clone of a social network profile."]]],[1,"p",[[0,[],0,"How far you want to go with customization is completely up to you, there''s no right or wrong approach! The majority of people use one of Ghost''s built-in themes to get started, and then progress to something more bespoke later on as their site grows."]]],[1,"p",[[0,[],0,"The best way to get started is with Ghost''s branding settings, where you can set up colors, images and logos to fit with your brand."]]],[10,0],[1,"p",[]]],"ghostVersion":"4.0"}',1682002904754,'2023-04-20 15:01:44');
INSERT INTO mobiledoc_revisions VALUES('644153dff228f05bd1c8e13f','644153a3f228f05bd1c8e12e','{"version":"0.3.1","atoms":[],"cards":[["image",{"src":"http://localhost:2368/content/images/2023/04/image.png","width":3456,"height":2338,"cardWidth":"wide","caption":"Ghost Admin  Settings  Branding"}]],"markups":[["a",["href","https://demo.ghost.io/welcome/"]],["strong"]],"sections":[[1,"p",[[0,[],0,"As discussed in the "],[0,[0],1,"introduction"],[0,[],0," post, one of the best things about Ghost is just how much you can customize to turn your site into something unique. Everything about your layout and design can be changed, so you''re not stuck with yet another clone of a social network profile."]]],[1,"p",[[0,[],0,"How far you want to go with customization is completely up to you, there''s no right or wrong approach! The majority of people use one of Ghost''s built-in themes to get started, and then progress to something more bespoke later on as their site grows."]]],[1,"p",[[0,[],0,"The best way to get started is with Ghost''s branding settings, where you can set up colors, images and logos to fit with your brand."]]],[10,0],[1,"p",[[0,[],0,"Any Ghost theme that''s up to date and compatible with Ghost 4.0 and higher will reflect your branding settings in the preview window, so you can see what your site will look like as you experiment with different options."]]],[1,"p",[[0,[],0,"When selecting an accent color, try to choose something which will contrast well with white text. Many themes will use your accent color as the background for buttons, headers and navigational elements. Vibrant colors with a darker hue tend to work best, as a general rule."]]],[1,"h2",[[0,[1],1,"Installing Ghost themes"]]],[1,"p",[[0,[],0,"By default, new sites are created with Ghost''s friendly publication theme, called Casper. Everything in Casper is optimized to work for the most common types of blog, newsletter and publication that people create with Ghost  so it''s a perfect place to start."]]],[1,"p",[[0,[],0,"However, there are hundreds of different themes available to install, so you can pick out a look and feel that suits you best."]]]],"ghostVersion":"4.0"}',1682002911016,'2023-04-20 15:01:51');
INSERT INTO mobiledoc_revisions VALUES('644153eaf228f05bd1c8e141','644153a3f228f05bd1c8e12e','{"version":"0.3.1","atoms":[],"cards":[["image",{"src":"http://localhost:2368/content/images/2023/04/image.png","width":3456,"height":2338,"cardWidth":"wide","caption":"Ghost Admin  Settings  Branding"}],["code",{"code":"{{#post}}\n<article class=\"article {{post_class}}\">\n\n    <h1>{{title}}</h1>\n    \n    {{#if feature_image}}\n    \t<img src=\"{{feature_image}}\" alt=\"Feature image\" />\n    {{/if}}\n    \n    {{content}}\n\n</article>\n{{/post}}","caption":"A snippet from a post template","language":"handlebars"}]],"markups":[["a",["href","https://demo.ghost.io/welcome/"]],["strong"],["em"],["a",["href","https://ghost.org/themes/?ref=demo.ghost.io"]],["a",["href","https://github.com/tryghost/casper/?ref=demo.ghost.io"]],["a",["href","https://ghost.org/docs/themes/?ref=demo.ghost.io"]]],"sections":[[1,"p",[[0,[],0,"As discussed in the "],[0,[0],1,"introduction"],[0,[],0," post, one of the best things about Ghost is just how much you can customize to turn your site into something unique. Everything about your layout and design can be changed, so you''re not stuck with yet another clone of a social network profile."]]],[1,"p",[[0,[],0,"How far you want to go with customization is completely up to you, there''s no right or wrong approach! The majority of people use one of Ghost''s built-in themes to get started, and then progress to something more bespoke later on as their site grows."]]],[1,"p",[[0,[],0,"The best way to get started is with Ghost''s branding settings, where you can set up colors, images and logos to fit with your brand."]]],[10,0],[1,"p",[[0,[],0,"Any Ghost theme that''s up to date and compatible with Ghost 4.0 and higher will reflect your branding settings in the preview window, so you can see what your site will look like as you experiment with different options."]]],[1,"p",[[0,[],0,"When selecting an accent color, try to choose something which will contrast well with white text. Many themes will use your accent color as the background for buttons, headers and navigational elements. Vibrant colors with a darker hue tend to work best, as a general rule."]]],[1,"h2",[[0,[1],1,"Installing Ghost themes"]]],[1,"p",[[0,[],0,"By default, new sites are created with Ghost''s friendly publication theme, called Casper. Everything in Casper is optimized to work for the most common types of blog, newsletter and publication that people create with Ghost  so it''s a perfect place to start."]]],[1,"p",[[0,[],0,"However, there are hundreds of different themes available to install, so you can pick out a look and feel that suits you best."]]],[1,"p",[[0,[],0,"Inside Ghost''s theme settings you''ll find 4 more official themes that can be directly installed and activated. Each theme is suited to slightly different use-cases."]]],[3,"ul",[[[0,[1,1],2,"Casper"],[0,[],0," "],[0,[2,2],2,"(default)"],[0,[],0,"  Made for all sorts of blogs and newsletters"]],[[0,[1,1],2,"Edition"],[0,[],0,"  A beautiful minimal template for newsletter authors"]],[[0,[1,1],2,"Alto"],[0,[],0,"  A slick news/magazine style design for creators"]],[[0,[1,1],2,"London"],[0,[],0,"  A light photography theme with a bold grid"]],[[0,[1,1],2,"Ease"],[0,[],0,"  A library theme for organizing large content archives"]]]],[1,"p",[[0,[],0,"And if none of those feel quite right, head on over to the "],[0,[3],1,"Ghost Marketplace"],[0,[],0,", where you''ll find a huge variety of both free and premium themes."]]],[1,"h2",[[0,[1],1,"Building something custom"]]],[1,"p",[[0,[],0,"Finally, if you want something completely bespoke for your site, you can always build a custom theme from scratch and upload it to your site."]]],[1,"p",[[0,[],0,"Ghost''s theming template files are very easy to work with, and can be picked up in the space of a few hours by anyone who has just a little bit of knowledge of HTML and CSS. Templates from other platforms can also be ported to Ghost with relatively little effort."]]],[1,"p",[[0,[],0,"If you want to take a quick look at the theme syntax to see what it''s like, you can "],[0,[4],1,"browse through the files of the default Casper theme"],[0,[],0,". We''ve added tons of inline code comments to make it easy to learn, and the structure is very readable."]]],[10,1],[1,"p",[[0,[],0,"See? Not that scary! But still completely optional."]]],[1,"p",[[0,[],0,"If you''re interested in creating your own Ghost theme, check out our extensive "],[0,[5],1,"theme documentation"],[0,[],0," for a full guide to all the different template variables and helpers which are available."]]]],"ghostVersion":"4.0"}',1682002922826,'2023-04-20 15:02:02');
INSERT INTO mobiledoc_revisions VALUES('64415446f228f05bd1c8e148','64415446f228f05bd1c8e146','{"version":"0.3.1","ghostVersion":"4.0","markups":[],"atoms":[],"cards":[],"sections":[[1,"p",[[0,[],0,""]]]]}',1682003014527,'2023-04-20 15:03:34');
INSERT INTO mobiledoc_revisions VALUES('64415462f228f05bd1c8e14d','64415446f228f05bd1c8e146','{"version":"0.3.1","atoms":[],"cards":[["image",{"src":"https://static.ghost.org/v4.0.0/images/editor.png","width":3182,"height":1500,"cardWidth":"wide","caption":"The Ghost editor. Also available in dark-mode, for late night writing sessions."}],["image",{"src":"https://opensubscriptionplatforms.com/images/favicon.png"}],["embed",{"url":"https://www.youtube.com/embed/hmH3XMlms8E?feature=oembed","html":"<iframe src=\"https://www.youtube.com/embed/hmH3XMlms8E?feature=oembed\" frameborder=\"0\" allow=\"accelerometer; autoplay; clipboard-write; encrypted-media; gyroscope; picture-in-picture\" allowfullscreen=\"\" name=\"fitvid0\" style=\"box-sizing: inherit; border: 0px; font-style: inherit; font-variant: inherit; font-weight: inherit; font-stretch: inherit; line-height: inherit; font-family: inherit; font-optical-sizing: inherit; font-kerning: inherit; font-feature-settings: inherit; font-variation-settings: inherit; font-size: 16px; margin: 0px; padding: 0px; vertical-align: middle; position: absolute; top: 0px; left: 0px; width: 720px; height: 406.797px;\"></iframe>"}],["image",{"src":"https://static.ghost.org/v4.0.0/images/andreas-selter-xSMqGH7gi6o-unsplash.jpg","width":6000,"height":4000,"cardWidth":"full"}],["gallery",{"images":[{"src":"https://static.ghost.org/v4.0.0/images/andreas-selter-e4yK8QQlZa0-unsplash.jpg","width":4572,"height":3048,"fileName":"andreas-selter-e4yK8QQlZa0-unsplash.jpg","row":0},{"src":"https://static.ghost.org/v4.0.0/images/steve-carter-Ixp4YhCKZkI-unsplash.jpg","width":4032,"height":2268,"fileName":"steve-carter-Ixp4YhCKZkI-unsplash.jpg","row":0}]}],["image",{"src":"https://static.ghost.org/v4.0.0/images/lukasz-szmigiel-jFCViYFYcus-unsplash.jpg","width":2560,"height":1705,"cardWidth":"wide"}],["gallery",{"images":[{"src":"https://static.ghost.org/v4.0.0/images/jd-mason-hPiEFq6-Eto-unsplash.jpg","width":5184,"height":3888,"fileName":"jd-mason-hPiEFq6-Eto-unsplash.jpg","row":0},{"src":"https://static.ghost.org/v4.0.0/images/jp-valery-OBpOP9GVH9U-unsplash.jpg","width":5472,"height":3648,"fileName":"jp-valery-OBpOP9GVH9U-unsplash.jpg","row":0}],"caption":"Peaceful places"}],["image",{"src":"https://static.ghost.org/v4.0.0/images/createsnippet.png","width":2282,"height":1272,"cardWidth":"wide"}],["hr",{}],["image",{"src":"https://static.ghost.org/v4.0.0/images/preview.png","width":3166,"height":2224,"cardWidth":"wide"}],["hr",{}]],"markups":[["em"],["strong"],["code"]],"sections":[[1,"p",[[0,[],0,"Ghost comes with a best-in-class editor which does its very best to get out of the way, and let you focus on your content. Don''t let its minimal looks fool you, though, beneath the surface lies a powerful editing toolset designed to accommodate the extensive needs of modern creators."]]],[1,"p",[[0,[],0,"For many, the base canvas of the Ghost editor will feel familiar. You can start writing as you would expect, highlight content to access the toolbar you would expect, and generally use all of the keyboard shortcuts you would expect."]]],[1,"p",[[0,[],0,"Our main focus in building the Ghost editor is to try and make as many things that you hope/expect might work: actually work."]]],[3,"ul",[[[0,[],0,"You can copy and paste raw content from web pages, and Ghost will do its best to correctly preserve the formatting."]],[[0,[],0,"Pasting an image from your clipboard will upload inline."]],[[0,[],0,"Pasting a social media URL will automatically create an embed."]],[[0,[],0,"Highlight a word in the editor and paste a URL from your clipboard on top: Ghost will turn it into a link."]],[[0,[],0,"You can also paste (or write!) Markdown and Ghost will usually be able to auto-convert it into fully editable, formatted content."]]]],[10,0],[1,"p",[[0,[],0,"The goal, as much as possible, is for things to work so that you don''t have to "],[0,[0,0],2,"think"],[0,[],0," so much about the editor. You won''t find any disastrous \"block builders\" here, where you have to open 6 submenus and choose from 18 different but identical alignment options. That''s not what Ghost is about."]]],[1,"p",[[0,[],0,"What you will find though, is dynamic cards which allow you to embed rich media into your posts and create beautifully laid out stories."]]],[1,"h2",[[0,[1],1,"Using cards"]]],[1,"p",[[0,[],0,"You can insert dynamic cards inside post content using the "],[0,[2],1,"+"],[0,[],0," button, which appears on new lines, or by typing "],[0,[2],1,"/"],[0,[],0," on a new line to trigger the card menu. Many of the choices are simple and intuitive, like bookmark cards, which allow you to create rich links with embedded structured data:"]]],[10,1],[1,"p",[[0,[],0,"or embed cards which make it easy to insert content you want to share with your audience, from external services:"]]],[10,2],[1,"p",[[0,[],0,"But, dig a little deeper, and you''ll also find more advanced cards, like one that only shows up in email newsletters (great for personalized introductions) and a comprehensive set of specialized cards for different types of images and galleries."]]],[1,"blockquote",[[0,[0],1,"Once you  start mixing text and image cards creatively, the whole narrative of the story changes. Suddenly, you''re working in a new format."]]],[10,3],[1,"p",[[0,[],0,"As it turns out, sometimes pictures and a thousand words go together really well. Telling people a great story often has much more impact if they can feel, even for a moment, as though they were right there with you."]]],[10,4],[10,5],[10,6],[1,"p",[[0,[],0,"Galleries and image cards can be combined in so many different ways  the only limit is your imagination."]]],[1,"h2",[[0,[1],1,"Build workflows with snippets"]]],[1,"p",[[0,[],0,"One of the most powerful features of the Ghost editor is the ability to create and re-use content snippets. If you''ve ever used an email client with a concept of "],[0,[0,0],2,"saved replies"],[0,[],0," then this will be immediately intuitive."]]],[1,"p",[[0,[],0,"To create a snippet, select a piece of content in the editor that you''d like to re-use in future, then click on the snippet icon in the toolbar. Give your snippet a name, and you''re all done. Now your snippet will be available from within the card menu, or you can search for it directly using the "],[0,[2],1,"/"],[0,[],0," command."]]],[1,"p",[[0,[],0,"This works really well for saving images you might want to use often, like a company logo or team photo, links to resources you find yourself often linking to, or introductions and passages that you want to remember."]]],[10,7],[1,"p",[[0,[],0,"You can even build entire post templates or outlines to create a quick, re-usable workflow for publishing over time. Or build custom design elements for your post with an HTML card, and use a snippet to insert it."]]],[1,"p",[[0,[],0,"Once you get a few useful snippets set up, it''s difficult to go back to the old way of diving through media libraries and trawling for that one thing you know you used somewhere that one time."]]],[10,8],[1,"h2",[[0,[1],1,"Publishing and newsletters the easy way"]]],[1,"p",[[0,[],0,"When you''re ready to publish, Ghost makes it as simple as possible to deliver your new post to all your existing members. Just hit the "],[0,[0,0],2,"Preview"],[0,[],0," link and you''ll get a chance to see what your content looks like on Web, Mobile, Email and Social."]]],[10,9],[1,"p",[[0,[],0,"You can send yourself a test newsletter to make sure everything looks good in your email client, and then hit the "],[0,[0,0],2,"Publish"],[0,[],0," button to decide who to deliver it to."]]],[1,"p",[[0,[],0,"Ghost comes with a streamlined, optimized email newsletter template that has settings built-in for you to customize the colors and typography. We''ve spent countless hours refining the template to make sure it works great across all email clients, and performs well for email deliverability."]]],[1,"p",[[0,[],0,"So, you don''t need to fight the awful process of building a custom email template from scratch. It''s all done already!"]]],[10,10],[1,"p",[[0,[],0,"The Ghost editor is powerful enough to do whatever you want it to do. With a little exploration, you''ll be up and running in no time."]]]],"ghostVersion":"4.0"}',1682003042033,'2023-04-20 15:04:02');
INSERT INTO mobiledoc_revisions VALUES('6441549ff228f05bd1c8e155','6441549ff228f05bd1c8e153','{"version":"0.3.1","ghostVersion":"4.0","markups":[],"atoms":[],"cards":[],"sections":[[1,"p",[[0,[],0,""]]]]}',1682003103026,'2023-04-20 15:05:03');
INSERT INTO mobiledoc_revisions VALUES('644154b1f228f05bd1c8e15a','6441549ff228f05bd1c8e153','{"version":"0.3.1","atoms":[],"cards":[],"markups":[],"sections":[[1,"p",[[0,[],0,"An American businessman took a vacation to a small coastal Mexican village on doctors orders. Unable to sleep after an urgent phone call from the office the first morning, he walked out to the pier to clear his head. A small boat with just one fisherman had docked, and inside the boat were several large yellowfin tuna. The American complimented the Mexican on the quality of his fish."]]],[1,"p",[[0,[],0,"How long did it take you to catch them? the American asked."]]],[1,"p",[[0,[],0,"Only a little while, the Mexican replied in surprisingly good English."]]],[1,"p",[[0,[],0,"Why dont you stay out longer and catch more fish? the American then asked."]]],[1,"p",[[0,[],0,"I have enough to support my family and give a few to friends, the Mexican said as he unloaded them into a basket."]]],[1,"p",[[0,[],0,"But What do you do with the rest of your time?"]]],[1,"p",[[0,[],0,"The Mexican looked up and smiled. I sleep late, fish a little, play with my children, take a siesta with my wife, Julia, and stroll into the village each evening, where I sip wine and play guitar with my amigos. I have a full and busy life, seor."]]],[1,"p",[[0,[],0,"The American laughed and stood tall. Sir, Im a Harvard M.B.A. and can help you. You should spend more time fishing, and with the proceeds, buy a bigger boat. In no time, you could buy several boats with the increased haul. Eventually, you would have a fleet of fishing boats."]]],[1,"p",[[0,[],0,"He continued, Instead of selling your catch to a middleman, you would sell directly to the consumers, eventually opening your own cannery. You would control the product, processing, and distribution. You would need to leave this small coastal fishing village, of course, and move to Mexico City, then to Los Angeles, and eventually to New York City, where you could run your expanded enterprise with proper management."]]],[1,"p",[[0,[],0,"The Mexican fisherman asked, But, seor, how long will all this take?"]]],[1,"p",[[0,[],0,"To which the American replied, 15-20 years, 25 tops."]]],[1,"p",[[0,[],0,"But what then, seor?"]]],[1,"p",[[0,[],0,"The American laughed and said, Thats the best part. When the time is right, you would announce an IPO and sell your company stock to the public and become very rich. You would make millions."]]],[1,"p",[[0,[],0,"Millions seor? Then what?\""]]],[1,"p",[[0,[],0,"Then you would retire and move to a small coastal fishing village, where you would sleep late, fish a little, play with your kids, take a siesta with your wife, and stroll in to the village in the evenings where you could sip wine and play your guitar with your amigos."]]]],"ghostVersion":"4.0"}',1682003121862,'2023-04-20 15:05:21');
INSERT INTO mobiledoc_revisions VALUES('644154e9f228f05bd1c8e161','644154e9f228f05bd1c8e15f','{"version":"0.3.1","ghostVersion":"4.0","markups":[],"atoms":[],"cards":[],"sections":[[1,"p",[[0,[],0,""]]]]}',1682003177135,'2023-04-20 15:06:17');
INSERT INTO mobiledoc_revisions VALUES('644154fbf228f05bd1c8e166','644154e9f228f05bd1c8e15f','{"version":"0.3.1","atoms":[],"cards":[],"markups":[],"sections":[[1,"p",[[0,[],0,"As I engage in the so-called \"bull sessions\" around and about the school, I too often find that most college men have a misconception of the purpose of education. Most of the \"brethren\" think that education should equip them with the proper instruments of exploitation so that they can forever trample over the masses. Still others think that education should furnish them with noble ends rather than means to an end."]]],[1,"p",[[0,[],0,"It seems to me that education has a two-fold function to perform in the life of man and in society: the one is utility and the other is culture. Education must enable a man to become more efficient, to achieve with increasing facility the ligitimate goals of his life."]]],[1,"p",[[0,[],0,"Education must also train one for quick, resolute and effective thinking. To think incisively and to think for one''s self is very difficult. We are prone to let our mental life become invaded by legions of half truths, prejudices, and propaganda. At this point, I often wonder whether or not education is fulfilling its purpose. A great majority of the so-called educated people do not think logically and scientifically. Even the press, the classroom, the platform, and the pulpit in many instances do not give us objective and unbiased truths. To save man from the morass of propaganda, in my opinion, is one of the chief aims of education. Education must enable one to sift and weigh evidence, to discern the true from the false, the real from the unreal, and the facts from the fiction."]]],[1,"p",[[0,[],0,"The function of education, therefore, is to teach one to think intensively and to think critically. But education which stops with efficiency may prove the greatest menace to society. The most dangerous criminal may be the man gifted with reason, but with no morals."]]],[1,"p",[[0,[],0,"The late Eugene Talmadge, in my opinion, possessed one of the better minds of Georgia, or even America. Moreover, he wore the Phi Beta Kappa key. By all measuring rods, Mr. Talmadge could think critically and intensively; yet he contends that I am an inferior being. Are those the types of men we call educated?"]]],[1,"p",[[0,[],0,"We must remember that intelligence is not enough. Intelligence plus character--that is the goal of true education. The complete education gives one not only power of concentration, but worthy objectives upon which to concentrate. The broad education will, therefore, transmit to one not only the accumulated knowledge of the race but also the accumulated experience of social living."]]],[1,"p",[[0,[],0,"If we are not careful, our colleges will produce a group of close-minded, unscientific, illogical propagandists, consumed with immoral acts. Be careful, \"brethren!\" Be careful, teachers!"]]]],"ghostVersion":"4.0"}',1682003195356,'2023-04-20 15:06:35');
CREATE TABLE `post_revisions` (`id` varchar(24) not null, `post_id` varchar(24) not null, `lexical` text null, `created_at_ts` bigint not null, `created_at` datetime not null, primary key (`id`));
CREATE TABLE `members` (`id` varchar(24) not null, `uuid` varchar(36) null, `email` varchar(191) not null, `status` varchar(50) not null default 'free', `name` varchar(191) null, `expertise` varchar(191) null, `note` varchar(2000) null, `geolocation` varchar(2000) null, `enable_comment_notifications` boolean not null default '1', `email_count` integer not null default '0', `email_opened_count` integer not null default '0', `email_open_rate` integer null, `last_seen_at` datetime null, `last_commented_at` datetime null, `created_at` datetime not null, `created_by` varchar(24) not null, `updated_at` datetime null, `updated_by` varchar(24) null, primary key (`id`));
INSERT INTO members VALUES('643c340e002137342cf3254b','3d20cfd5-a347-497d-8a1d-7ea637628904','i.love.to.smile.around@gmail.com','free','Huy Nguyen',NULL,'Hello note',NULL,1,0,0,NULL,NULL,NULL,'2023-04-16 17:44:46','1','2023-04-16 17:44:46','1');
CREATE TABLE `products` (`id` varchar(24) not null, `name` varchar(191) not null, `slug` varchar(191) not null, `active` boolean not null default '1', `welcome_page_url` varchar(2000) null, `visibility` varchar(50) not null default 'none', `trial_days` integer not null default '0', `description` varchar(191) null, `type` varchar(50) not null default 'paid', `currency` varchar(50) null, `monthly_price` integer null, `yearly_price` integer null, `created_at` datetime not null, `updated_at` datetime null, `monthly_price_id` varchar(24) null, `yearly_price_id` varchar(24) null, primary key (`id`));
INSERT INTO products VALUES('643c3268002137342cf32335','Free','free',1,NULL,'public',0,NULL,'free',NULL,NULL,NULL,'2023-04-16 17:37:44','2023-04-16 17:37:44',NULL,NULL);
INSERT INTO products VALUES('643c3268002137342cf32336','Ghost Demo','default-product',1,NULL,'public',0,NULL,'paid','USD',500,5000,'2023-04-16 17:37:44','2023-04-16 17:42:16',NULL,NULL);
CREATE TABLE `offers` (`id` varchar(24) not null, `active` boolean not null default '1', `name` varchar(191) not null, `code` varchar(191) not null, `product_id` varchar(24) not null, `stripe_coupon_id` varchar(255) null, `interval` varchar(50) not null, `currency` varchar(50) null, `discount_type` varchar(50) not null, `discount_amount` integer not null, `duration` varchar(50) not null, `duration_in_months` integer null, `portal_title` varchar(191) null, `portal_description` varchar(2000) null, `created_at` datetime not null, `updated_at` datetime null, foreign key(`product_id`) references `products`(`id`), primary key (`id`));
CREATE TABLE `benefits` (`id` varchar(24) not null, `name` varchar(191) not null, `slug` varchar(191) not null, `created_at` datetime not null, `updated_at` datetime null, primary key (`id`));
CREATE TABLE `products_benefits` (`id` varchar(24) not null, `product_id` varchar(24) not null, `benefit_id` varchar(24) not null, `sort_order` integer not null default '0', foreign key(`product_id`) references `products`(`id`) on delete CASCADE, foreign key(`benefit_id`) references `benefits`(`id`) on delete CASCADE, primary key (`id`));
CREATE TABLE `members_products` (`id` varchar(24) not null, `member_id` varchar(24) not null, `product_id` varchar(24) not null, `sort_order` integer not null default '0', `expiry_at` datetime null, foreign key(`member_id`) references `members`(`id`) on delete CASCADE, foreign key(`product_id`) references `products`(`id`) on delete CASCADE, primary key (`id`));
CREATE TABLE `posts_products` (`id` varchar(24) not null, `post_id` varchar(24) not null, `product_id` varchar(24) not null, `sort_order` integer not null default '0', foreign key(`post_id`) references `posts`(`id`) on delete CASCADE, foreign key(`product_id`) references `products`(`id`) on delete CASCADE, primary key (`id`));
INSERT INTO posts_products VALUES('6441522cf228f05bd1c8e117','64415225f228f05bd1c8e113','643c3268002137342cf32335',0);
INSERT INTO posts_products VALUES('6441522cf228f05bd1c8e118','64415225f228f05bd1c8e113','643c3268002137342cf32336',1);
INSERT INTO posts_products VALUES('644153aff228f05bd1c8e132','644153a3f228f05bd1c8e12e','643c3268002137342cf32335',0);
INSERT INTO posts_products VALUES('644153aff228f05bd1c8e133','644153a3f228f05bd1c8e12e','643c3268002137342cf32336',1);
INSERT INTO posts_products VALUES('64415450f228f05bd1c8e14a','64415446f228f05bd1c8e146','643c3268002137342cf32335',0);
INSERT INTO posts_products VALUES('64415450f228f05bd1c8e14b','64415446f228f05bd1c8e146','643c3268002137342cf32336',1);
INSERT INTO posts_products VALUES('644154a8f228f05bd1c8e157','6441549ff228f05bd1c8e153','643c3268002137342cf32335',0);
INSERT INTO posts_products VALUES('644154a8f228f05bd1c8e158','6441549ff228f05bd1c8e153','643c3268002137342cf32336',1);
INSERT INTO posts_products VALUES('644154f1f228f05bd1c8e163','644154e9f228f05bd1c8e15f','643c3268002137342cf32335',0);
INSERT INTO posts_products VALUES('644154f1f228f05bd1c8e164','644154e9f228f05bd1c8e15f','643c3268002137342cf32336',1);
CREATE TABLE `members_created_events` (`id` varchar(24) not null, `created_at` datetime not null, `member_id` varchar(24) not null, `attribution_id` varchar(24) null, `attribution_type` varchar(50) null, `attribution_url` varchar(2000) null, `referrer_source` varchar(191) null, `referrer_medium` varchar(191) null, `referrer_url` varchar(2000) null, `source` varchar(50) not null, `batch_id` varchar(24) null, foreign key(`member_id`) references `members`(`id`) on delete CASCADE, primary key (`id`));
INSERT INTO members_created_events VALUES('643c340e002137342cf3254f','2023-04-16 17:44:46','643c340e002137342cf3254b',NULL,NULL,NULL,'Created manually','Ghost Admin',NULL,'admin','643c340e002137342cf3254a');
CREATE TABLE `members_cancel_events` (`id` varchar(24) not null, `member_id` varchar(24) not null, `from_plan` varchar(255) not null, `created_at` datetime not null, foreign key(`member_id`) references `members`(`id`) on delete CASCADE, primary key (`id`));
CREATE TABLE `members_payment_events` (`id` varchar(24) not null, `member_id` varchar(24) not null, `amount` integer not null, `currency` varchar(191) not null, `source` varchar(50) not null, `created_at` datetime not null, foreign key(`member_id`) references `members`(`id`) on delete CASCADE, primary key (`id`));
CREATE TABLE `members_login_events` (`id` varchar(24) not null, `member_id` varchar(24) not null, `created_at` datetime not null, foreign key(`member_id`) references `members`(`id`) on delete CASCADE, primary key (`id`));
CREATE TABLE `members_email_change_events` (`id` varchar(24) not null, `member_id` varchar(24) not null, `to_email` varchar(191) not null, `from_email` varchar(191) not null, `created_at` datetime not null, foreign key(`member_id`) references `members`(`id`) on delete CASCADE, primary key (`id`));
CREATE TABLE `members_status_events` (`id` varchar(24) not null, `member_id` varchar(24) not null, `from_status` varchar(50) null, `to_status` varchar(50) null, `created_at` datetime not null, foreign key(`member_id`) references `members`(`id`) on delete CASCADE, primary key (`id`));
INSERT INTO members_status_events VALUES('643c340e002137342cf3254d','643c340e002137342cf3254b',NULL,'free','2023-04-16 17:44:46');
CREATE TABLE `members_product_events` (`id` varchar(24) not null, `member_id` varchar(24) not null, `product_id` varchar(24) not null, `action` varchar(50) null, `created_at` datetime not null, foreign key(`member_id`) references `members`(`id`) on delete CASCADE, foreign key(`product_id`) references `products`(`id`), primary key (`id`));
CREATE TABLE `members_paid_subscription_events` (`id` varchar(24) not null, `type` varchar(50) null, `member_id` varchar(24) not null, `subscription_id` varchar(24) null, `from_plan` varchar(255) null, `to_plan` varchar(255) null, `currency` varchar(191) not null, `source` varchar(50) not null, `mrr_delta` integer not null, `created_at` datetime not null, foreign key(`member_id`) references `members`(`id`) on delete CASCADE, primary key (`id`));
CREATE TABLE `labels` (`id` varchar(24) not null, `name` varchar(191) not null, `slug` varchar(191) not null, `created_at` datetime not null, `created_by` varchar(24) not null, `updated_at` datetime null, `updated_by` varchar(24) null, primary key (`id`));
CREATE TABLE `members_labels` (`id` varchar(24) not null, `member_id` varchar(24) not null, `label_id` varchar(24) not null, `sort_order` integer not null default '0', foreign key(`member_id`) references `members`(`id`) on delete CASCADE, foreign key(`label_id`) references `labels`(`id`) on delete CASCADE, primary key (`id`));
CREATE TABLE `members_stripe_customers` (`id` varchar(24) not null, `member_id` varchar(24) not null, `customer_id` varchar(255) not null, `name` varchar(191) null, `email` varchar(191) null, `created_at` datetime not null, `created_by` varchar(24) not null, `updated_at` datetime null, `updated_by` varchar(24) null, foreign key(`member_id`) references `members`(`id`) on delete CASCADE, primary key (`id`));
CREATE TABLE `subscriptions` (`id` varchar(24) not null, `type` varchar(50) not null, `status` varchar(50) not null, `member_id` varchar(24) not null, `tier_id` varchar(24) not null, `cadence` varchar(50) null, `currency` varchar(50) null, `amount` integer null, `payment_provider` varchar(50) null, `payment_subscription_url` varchar(2000) null, `payment_user_url` varchar(2000) null, `offer_id` varchar(24) null, `expires_at` datetime null, `created_at` datetime not null, `updated_at` datetime null, foreign key(`member_id`) references `members`(`id`) on delete CASCADE, foreign key(`tier_id`) references `products`(`id`), foreign key(`offer_id`) references `offers`(`id`), primary key (`id`));
CREATE TABLE `members_stripe_customers_subscriptions` (`id` varchar(24) not null, `customer_id` varchar(255) not null, `ghost_subscription_id` varchar(24) null, `subscription_id` varchar(255) not null, `stripe_price_id` varchar(255) not null default '', `status` varchar(50) not null, `cancel_at_period_end` boolean not null default '0', `cancellation_reason` varchar(500) null, `current_period_end` datetime not null, `start_date` datetime not null, `default_payment_card_last4` varchar(4) null, `created_at` datetime not null, `created_by` varchar(24) not null, `updated_at` datetime null, `updated_by` varchar(24) null, `mrr` integer not null default '0', `offer_id` varchar(24) null, `trial_start_at` datetime null, `trial_end_at` datetime null, `plan_id` varchar(255) not null, `plan_nickname` varchar(50) not null, `plan_interval` varchar(50) not null, `plan_amount` integer not null, `plan_currency` varchar(191) not null, foreign key(`customer_id`) references `members_stripe_customers`(`customer_id`) on delete CASCADE, constraint `mscs_ghost_subscription_id_foreign` foreign key(`ghost_subscription_id`) references `subscriptions`(`id`) on delete CASCADE, foreign key(`offer_id`) references `offers`(`id`), primary key (`id`));
CREATE TABLE `members_subscription_created_events` (`id` varchar(24) not null, `created_at` datetime not null, `member_id` varchar(24) not null, `subscription_id` varchar(24) not null, `attribution_id` varchar(24) null, `attribution_type` varchar(50) null, `attribution_url` varchar(2000) null, `referrer_source` varchar(191) null, `referrer_medium` varchar(191) null, `referrer_url` varchar(2000) null, `batch_id` varchar(24) null, foreign key(`member_id`) references `members`(`id`) on delete CASCADE, foreign key(`subscription_id`) references `members_stripe_customers_subscriptions`(`id`) on delete CASCADE, primary key (`id`));
CREATE TABLE `offer_redemptions` (`id` varchar(24) not null, `offer_id` varchar(24) not null, `member_id` varchar(24) not null, `subscription_id` varchar(24) not null, `created_at` datetime not null, foreign key(`offer_id`) references `offers`(`id`) on delete CASCADE, foreign key(`member_id`) references `members`(`id`) on delete CASCADE, foreign key(`subscription_id`) references `members_stripe_customers_subscriptions`(`id`) on delete CASCADE, primary key (`id`));
CREATE TABLE `members_subscribe_events` (`id` varchar(24) not null, `member_id` varchar(24) not null, `subscribed` boolean not null default '1', `created_at` datetime not null, `source` varchar(50) null, `newsletter_id` varchar(24) null, foreign key(`member_id`) references `members`(`id`) on delete CASCADE, foreign key(`newsletter_id`) references `newsletters`(`id`), primary key (`id`));
INSERT INTO members_subscribe_events VALUES('643c340e002137342cf3254e','643c340e002137342cf3254b',1,'2023-04-16 17:44:46','admin','643c3268002137342cf32337');
CREATE TABLE `stripe_products` (`id` varchar(24) not null, `product_id` varchar(24) not null, `stripe_product_id` varchar(255) not null, `created_at` datetime not null, `updated_at` datetime null, foreign key(`product_id`) references `products`(`id`), primary key (`id`));
CREATE TABLE `stripe_prices` (`id` varchar(24) not null, `stripe_price_id` varchar(255) not null, `stripe_product_id` varchar(255) not null, `active` boolean not null, `nickname` varchar(50) null, `currency` varchar(191) not null, `amount` integer not null, `type` varchar(50) not null default 'recurring', `interval` varchar(50) null, `description` varchar(191) null, `created_at` datetime not null, `updated_at` datetime null, foreign key(`stripe_product_id`) references `stripe_products`(`stripe_product_id`), primary key (`id`));
CREATE TABLE `actions` (`id` varchar(24) not null, `resource_id` varchar(24) null, `resource_type` varchar(50) not null, `actor_id` varchar(24) not null, `actor_type` varchar(50) not null, `event` varchar(50) not null, `context` text null, `created_at` datetime not null, primary key (`id`));
INSERT INTO actions VALUES('643c3378002137342cf32546','643c326f002137342cf324ed','setting','1','user','edited','{"key":"title","group":"site"}','2023-04-16 17:42:16');
INSERT INTO actions VALUES('643c3378002137342cf32547','643c326f002137342cf324ee','setting','1','user','edited','{"key":"description","group":"site"}','2023-04-16 17:42:16');
INSERT INTO actions VALUES('643e273049301857cc8afa8a','643c326f002137342cf32509','setting','1','user','edited','{"key":"members_signup_access","group":"members"}','2023-04-18 05:14:24');
INSERT INTO actions VALUES('643e273849301857cc8afa8e','643c326f002137342cf32509','setting','1','user','edited','{"key":"members_signup_access","group":"members"}','2023-04-18 05:14:32');
INSERT INTO actions VALUES('643e275649301857cc8afa92','643c326f002137342cf32509','setting','1','user','edited','{"key":"members_signup_access","group":"members"}','2023-04-18 05:15:02');
INSERT INTO actions VALUES('64415046f228f05bd1c8e102','643c326f002137342cf324ed','setting','1','user','edited','{"key":"title","group":"site"}','2023-04-20 14:46:30');
INSERT INTO actions VALUES('64415046f228f05bd1c8e103','643c326f002137342cf324ee','setting','1','user','edited','{"key":"description","group":"site"}','2023-04-20 14:46:30');
INSERT INTO actions VALUES('64415046f228f05bd1c8e104','643c326f002137342cf324f3','setting','1','user','edited','{"key":"locale","group":"site"}','2023-04-20 14:46:30');
INSERT INTO actions VALUES('64415046f228f05bd1c8e105','643c326f002137342cf324f7','setting','1','user','edited','{"key":"facebook","group":"site"}','2023-04-20 14:46:30');
INSERT INTO actions VALUES('64415046f228f05bd1c8e106','643c326f002137342cf324f8','setting','1','user','edited','{"key":"twitter","group":"site"}','2023-04-20 14:46:30');
INSERT INTO actions VALUES('64415046f228f05bd1c8e107','643c326f002137342cf324fb','setting','1','user','edited','{"key":"meta_title","group":"site"}','2023-04-20 14:46:30');
INSERT INTO actions VALUES('64415046f228f05bd1c8e108','643c326f002137342cf324fc','setting','1','user','edited','{"key":"meta_description","group":"site"}','2023-04-20 14:46:30');
INSERT INTO actions VALUES('64415046f228f05bd1c8e109','643c326f002137342cf32501','setting','1','user','edited','{"key":"twitter_title","group":"site"}','2023-04-20 14:46:30');
INSERT INTO actions VALUES('64415046f228f05bd1c8e10a','643c326f002137342cf32502','setting','1','user','edited','{"key":"twitter_description","group":"site"}','2023-04-20 14:46:30');
INSERT INTO actions VALUES('64415046f228f05bd1c8e10b','643c326f002137342cf324fe','setting','1','user','edited','{"key":"og_title","group":"site"}','2023-04-20 14:46:30');
INSERT INTO actions VALUES('64415046f228f05bd1c8e10c','643c326f002137342cf324ff','setting','1','user','edited','{"key":"og_description","group":"site"}','2023-04-20 14:46:30');
INSERT INTO actions VALUES('6441515ef228f05bd1c8e10d','643c326f002137342cf324f0','setting','1','user','edited','{"key":"cover_image","group":"site"}','2023-04-20 14:51:10');
INSERT INTO actions VALUES('6441515ef228f05bd1c8e10e','643c326f002137342cf324f2','setting','1','user','edited','{"key":"accent_color","group":"site"}','2023-04-20 14:51:10');
INSERT INTO actions VALUES('644151e1f228f05bd1c8e10f','643c326f002137342cf324f9','setting','1','user','edited','{"key":"navigation","group":"site"}','2023-04-20 14:53:21');
INSERT INTO actions VALUES('644151e1f228f05bd1c8e110','643c326f002137342cf324fa','setting','1','user','edited','{"key":"secondary_navigation","group":"site"}','2023-04-20 14:53:21');
INSERT INTO actions VALUES('64415203f228f05bd1c8e112','64415203f228f05bd1c8e111','tag','1','user','added','{"primary_name":"Getting Started"}','2023-04-20 14:53:55');
INSERT INTO actions VALUES('64415226f228f05bd1c8e116','64415225f228f05bd1c8e113','post','1','user','added','{"type":"post","primary_name":"Start here for a quick overview of everything you need to know"}','2023-04-20 14:54:30');
INSERT INTO actions VALUES('6441522cf228f05bd1c8e119','64415225f228f05bd1c8e113','post','1','user','edited','{"type":"post","primary_name":"Start here for a quick overview of everything you need to know"}','2023-04-20 14:54:36');
INSERT INTO actions VALUES('64415239f228f05bd1c8e11c','64415225f228f05bd1c8e113','post','1','user','edited','{"type":"post","primary_name":"Start here for a quick overview of everything you need to know"}','2023-04-20 14:54:49');
INSERT INTO actions VALUES('6441524df228f05bd1c8e11e','64415225f228f05bd1c8e113','post','1','user','edited','{"type":"post","primary_name":"Start here for a quick overview of everything you need to know"}','2023-04-20 14:55:09');
INSERT INTO actions VALUES('6441525bf228f05bd1c8e120','64415225f228f05bd1c8e113','post','1','user','edited','{"type":"post","primary_name":"Start here for a quick overview of everything you need to know"}','2023-04-20 14:55:23');
INSERT INTO actions VALUES('64415264f228f05bd1c8e122','64415225f228f05bd1c8e113','post','1','user','edited','{"type":"post","primary_name":"Start here for a quick overview of everything you need to know"}','2023-04-20 14:55:32');
INSERT INTO actions VALUES('64415269f228f05bd1c8e124','64415225f228f05bd1c8e113','post','1','user','edited','{"type":"post","primary_name":"Start here for a quick overview of everything you need to know"}','2023-04-20 14:55:37');
INSERT INTO actions VALUES('6441526df228f05bd1c8e126','64415225f228f05bd1c8e113','post','1','user','edited','{"type":"post","primary_name":"Start here for a quick overview of everything you need to know"}','2023-04-20 14:55:41');
INSERT INTO actions VALUES('64415281f228f05bd1c8e128','64415225f228f05bd1c8e113','post','1','user','edited','{"type":"post","primary_name":"Start here for a quick overview of everything you need to know"}','2023-04-20 14:56:01');
INSERT INTO actions VALUES('6441528af228f05bd1c8e129','64415225f228f05bd1c8e113','post','1','user','edited','{"type":"post","primary_name":"Start here for a quick overview of everything you need to know"}','2023-04-20 14:56:10');
INSERT INTO actions VALUES('6441528ef228f05bd1c8e12a','64415225f228f05bd1c8e113','post','1','user','edited','{"type":"post","primary_name":"Start here for a quick overview of everything you need to know"}','2023-04-20 14:56:14');
INSERT INTO actions VALUES('64415295f228f05bd1c8e12b','64415225f228f05bd1c8e113','post','1','user','edited','{"type":"post","primary_name":"Start here for a quick overview of everything you need to know"}','2023-04-20 14:56:21');
INSERT INTO actions VALUES('644152e8f228f05bd1c8e12c','64415225f228f05bd1c8e113','post','1','user','edited','{"type":"post","primary_name":"Start here for a quick overview of everything you need to know"}','2023-04-20 14:57:44');
INSERT INTO actions VALUES('64415371f228f05bd1c8e12d','643c326f002137342cf324f9','setting','1','user','edited','{"key":"navigation","group":"site"}','2023-04-20 15:00:01');
INSERT INTO actions VALUES('644153a3f228f05bd1c8e131','644153a3f228f05bd1c8e12e','post','1','user','added','{"type":"post","primary_name":"Customizing your brand and design settings"}','2023-04-20 15:00:51');
INSERT INTO actions VALUES('644153aff228f05bd1c8e134','644153a3f228f05bd1c8e12e','post','1','user','edited','{"type":"post","primary_name":"Customizing your brand and design settings"}','2023-04-20 15:01:03');
INSERT INTO actions VALUES('644153b8f228f05bd1c8e135','644153a3f228f05bd1c8e12e','post','1','user','edited','{"type":"post","primary_name":"Customizing your brand and design settings"}','2023-04-20 15:01:12');
INSERT INTO actions VALUES('644153c2f228f05bd1c8e138','644153a3f228f05bd1c8e12e','post','1','user','edited','{"type":"post","primary_name":"Customizing your brand and design settings"}','2023-04-20 15:01:22');
INSERT INTO actions VALUES('644153c9f228f05bd1c8e13a','644153a3f228f05bd1c8e12e','post','1','user','edited','{"type":"post","primary_name":"Customizing your brand and design settings"}','2023-04-20 15:01:29');
INSERT INTO actions VALUES('644153cef228f05bd1c8e13c','644153a3f228f05bd1c8e12e','post','1','user','edited','{"type":"post","primary_name":"Customizing your brand and design settings"}','2023-04-20 15:01:34');
INSERT INTO actions VALUES('644153d8f228f05bd1c8e13e','644153a3f228f05bd1c8e12e','post','1','user','edited','{"type":"post","primary_name":"Customizing your brand and design settings"}','2023-04-20 15:01:44');
INSERT INTO actions VALUES('644153dff228f05bd1c8e140','644153a3f228f05bd1c8e12e','post','1','user','edited','{"type":"post","primary_name":"Customizing your brand and design settings"}','2023-04-20 15:01:51');
INSERT INTO actions VALUES('644153eaf228f05bd1c8e142','644153a3f228f05bd1c8e12e','post','1','user','edited','{"type":"post","primary_name":"Customizing your brand and design settings"}','2023-04-20 15:02:02');
INSERT INTO actions VALUES('644153f4f228f05bd1c8e143','644153a3f228f05bd1c8e12e','post','1','user','edited','{"type":"post","primary_name":"Customizing your brand and design settings"}','2023-04-20 15:02:12');
INSERT INTO actions VALUES('6441540cf228f05bd1c8e144','644153a3f228f05bd1c8e12e','post','1','user','edited','{"type":"post","primary_name":"Customizing your brand and design settings"}','2023-04-20 15:02:36');
INSERT INTO actions VALUES('64415436f228f05bd1c8e145','644153a3f228f05bd1c8e12e','post','1','user','edited','{"type":"post","primary_name":"Customizing your brand and design settings"}','2023-04-20 15:03:18');
INSERT INTO actions VALUES('64415446f228f05bd1c8e149','64415446f228f05bd1c8e146','post','1','user','added','{"type":"post","primary_name":"Writing and managing content in Ghost, an advanced guide"}','2023-04-20 15:03:34');
INSERT INTO actions VALUES('64415450f228f05bd1c8e14c','64415446f228f05bd1c8e146','post','1','user','edited','{"type":"post","primary_name":"Writing and managing content in Ghost, an advanced guide"}','2023-04-20 15:03:44');
INSERT INTO actions VALUES('64415462f228f05bd1c8e14e','64415446f228f05bd1c8e146','post','1','user','edited','{"type":"post","primary_name":"Writing and managing content in Ghost, an advanced guide"}','2023-04-20 15:04:02');
INSERT INTO actions VALUES('6441547af228f05bd1c8e150','64415446f228f05bd1c8e146','post','1','user','edited','{"type":"post","primary_name":"Writing and managing content in Ghost, an advanced guide"}','2023-04-20 15:04:26');
INSERT INTO actions VALUES('6441547cf228f05bd1c8e151','64415446f228f05bd1c8e146','post','1','user','edited','{"type":"post","primary_name":"Writing and managing content in Ghost, an advanced guide"}','2023-04-20 15:04:28');
INSERT INTO actions VALUES('6441547ff228f05bd1c8e152','64415446f228f05bd1c8e146','post','1','user','edited','{"type":"post","primary_name":"Writing and managing content in Ghost, an advanced guide"}','2023-04-20 15:04:31');
INSERT INTO actions VALUES('6441549ff228f05bd1c8e156','6441549ff228f05bd1c8e153','post','1','user','added','{"type":"post","primary_name":"The Businessman & The Fisherman"}','2023-04-20 15:05:03');
INSERT INTO actions VALUES('644154a8f228f05bd1c8e159','6441549ff228f05bd1c8e153','post','1','user','edited','{"type":"post","primary_name":"The Businessman & The Fisherman"}','2023-04-20 15:05:12');
INSERT INTO actions VALUES('644154b1f228f05bd1c8e15b','6441549ff228f05bd1c8e153','post','1','user','edited','{"type":"post","primary_name":"The Businessman & The Fisherman"}','2023-04-20 15:05:21');
INSERT INTO actions VALUES('644154c3f228f05bd1c8e15d','6441549ff228f05bd1c8e153','post','1','user','edited','{"type":"post","primary_name":"The Businessman & The Fisherman"}','2023-04-20 15:05:39');
INSERT INTO actions VALUES('644154c6f228f05bd1c8e15e','6441549ff228f05bd1c8e153','post','1','user','edited','{"type":"post","primary_name":"The Businessman & The Fisherman"}','2023-04-20 15:05:42');
INSERT INTO actions VALUES('644154e9f228f05bd1c8e162','644154e9f228f05bd1c8e15f','post','1','user','added','{"type":"post","primary_name":"The Purpose of Education"}','2023-04-20 15:06:17');
INSERT INTO actions VALUES('644154f1f228f05bd1c8e165','644154e9f228f05bd1c8e15f','post','1','user','edited','{"type":"post","primary_name":"The Purpose of Education"}','2023-04-20 15:06:25');
INSERT INTO actions VALUES('644154fbf228f05bd1c8e167','644154e9f228f05bd1c8e15f','post','1','user','edited','{"type":"post","primary_name":"The Purpose of Education"}','2023-04-20 15:06:35');
INSERT INTO actions VALUES('644154fef228f05bd1c8e168','644154e9f228f05bd1c8e15f','post','1','user','edited','{"type":"post","primary_name":"The Purpose of Education"}','2023-04-20 15:06:38');
INSERT INTO actions VALUES('64415507f228f05bd1c8e16a','644154e9f228f05bd1c8e15f','post','1','user','edited','{"type":"post","primary_name":"The Purpose of Education"}','2023-04-20 15:06:47');
CREATE TABLE `emails` (`id` varchar(24) not null, `post_id` varchar(24) not null, `uuid` varchar(36) not null, `status` varchar(50) not null default 'pending', `recipient_filter` text not null, `error` varchar(2000) null, `error_data` text null, `email_count` integer not null default '0', `delivered_count` integer not null default '0', `opened_count` integer not null default '0', `failed_count` integer not null default '0', `subject` varchar(300) null, `from` varchar(2000) null, `reply_to` varchar(2000) null, `html` text null, `plaintext` text null, `source` text null, `source_type` varchar(50) not null default 'html', `track_opens` boolean not null default '0', `track_clicks` boolean not null default '0', `feedback_enabled` boolean not null default '0', `submitted_at` datetime not null, `newsletter_id` varchar(24) null, `created_at` datetime not null, `created_by` varchar(24) not null, `updated_at` datetime null, `updated_by` varchar(24) null, foreign key(`newsletter_id`) references `newsletters`(`id`), primary key (`id`));
CREATE TABLE `email_batches` (`id` varchar(24) not null, `email_id` varchar(24) not null, `provider_id` varchar(255) null, `status` varchar(50) not null default 'pending', `member_segment` text null, `error_status_code` integer null, `error_message` varchar(2000) null, `error_data` text null, `created_at` datetime not null, `updated_at` datetime not null, foreign key(`email_id`) references `emails`(`id`), primary key (`id`));
CREATE TABLE `email_recipients` (`id` varchar(24) not null, `email_id` varchar(24) not null, `member_id` varchar(24) not null, `batch_id` varchar(24) not null, `processed_at` datetime null, `delivered_at` datetime null, `opened_at` datetime null, `failed_at` datetime null, `member_uuid` varchar(36) not null, `member_email` varchar(191) not null, `member_name` varchar(191) null, foreign key(`email_id`) references `emails`(`id`), foreign key(`batch_id`) references `email_batches`(`id`), primary key (`id`));
CREATE TABLE `email_recipient_failures` (`id` varchar(24) not null, `email_id` varchar(24) not null, `member_id` varchar(24) null, `email_recipient_id` varchar(24) not null, `code` integer not null, `enhanced_code` varchar(50) null, `message` varchar(2000) not null, `severity` varchar(50) not null default 'permanent', `failed_at` datetime not null, `event_id` varchar(255) null, foreign key(`email_id`) references `emails`(`id`), foreign key(`email_recipient_id`) references `email_recipients`(`id`), primary key (`id`));
CREATE TABLE `tokens` (`id` varchar(24) not null, `token` varchar(32) not null, `data` varchar(2000) null, `created_at` datetime not null, `updated_at` datetime null, `first_used_at` datetime null, `used_count` integer not null default '0', `created_by` varchar(24) not null, primary key (`id`));
CREATE TABLE `snippets` (`id` varchar(24) not null, `name` varchar(191) not null, `mobiledoc` text not null, `lexical` text null, `created_at` datetime not null, `created_by` varchar(24) not null, `updated_at` datetime null, `updated_by` varchar(24) null, primary key (`id`));
CREATE TABLE `custom_theme_settings` (`id` varchar(24) not null, `theme` varchar(191) not null, `key` varchar(191) not null, `type` varchar(50) not null, `value` text null, primary key (`id`));
INSERT INTO custom_theme_settings VALUES('643c3277002137342cf32536','casper','navigation_layout','select','Logo on cover');
INSERT INTO custom_theme_settings VALUES('643c3277002137342cf32537','casper','title_font','select','Modern sans-serif');
INSERT INTO custom_theme_settings VALUES('643c3277002137342cf32538','casper','body_font','select','Elegant serif');
INSERT INTO custom_theme_settings VALUES('643c3277002137342cf32539','casper','show_publication_cover','boolean','true');
INSERT INTO custom_theme_settings VALUES('643c3277002137342cf3253a','casper','header_style','select','Center aligned');
INSERT INTO custom_theme_settings VALUES('643c3277002137342cf3253b','casper','feed_layout','select','Classic');
INSERT INTO custom_theme_settings VALUES('643c3277002137342cf3253c','casper','color_scheme','select','Light');
INSERT INTO custom_theme_settings VALUES('643c3277002137342cf3253d','casper','post_image_style','select','Wide');
INSERT INTO custom_theme_settings VALUES('643c3277002137342cf3253e','casper','email_signup_text','text','Sign up for more like this.');
INSERT INTO custom_theme_settings VALUES('643c3277002137342cf3253f','casper','show_recent_posts_footer','boolean','true');
CREATE TABLE `members_newsletters` (`id` varchar(24) not null, `member_id` varchar(24) not null, `newsletter_id` varchar(24) not null, foreign key(`member_id`) references `members`(`id`) on delete CASCADE, foreign key(`newsletter_id`) references `newsletters`(`id`) on delete CASCADE, primary key (`id`));
INSERT INTO members_newsletters VALUES('643c340e002137342cf3254c','643c340e002137342cf3254b','643c3268002137342cf32337');
CREATE TABLE `comments` (`id` varchar(24) not null, `post_id` varchar(24) not null, `member_id` varchar(24) null, `parent_id` varchar(24) null, `status` varchar(50) not null default 'published', `html` text null, `edited_at` datetime null, `created_at` datetime not null, `updated_at` datetime not null, foreign key(`post_id`) references `posts`(`id`) on delete CASCADE, foreign key(`member_id`) references `members`(`id`) on delete SET NULL, foreign key(`parent_id`) references `comments`(`id`) on delete CASCADE, primary key (`id`));
CREATE TABLE `comment_likes` (`id` varchar(24) not null, `comment_id` varchar(24) not null, `member_id` varchar(24) not null, `created_at` datetime not null, `updated_at` datetime not null, foreign key(`comment_id`) references `comments`(`id`) on delete CASCADE, foreign key(`member_id`) references `members`(`id`) on delete CASCADE, primary key (`id`));
CREATE TABLE `comment_reports` (`id` varchar(24) not null, `comment_id` varchar(24) not null, `member_id` varchar(24) null, `created_at` datetime not null, `updated_at` datetime not null, foreign key(`comment_id`) references `comments`(`id`) on delete CASCADE, foreign key(`member_id`) references `members`(`id`) on delete SET NULL, primary key (`id`));
CREATE TABLE `jobs` (`id` varchar(24) not null, `name` varchar(191) not null, `status` varchar(50) not null default 'queued', `started_at` datetime null, `finished_at` datetime null, `created_at` datetime not null, `updated_at` datetime null, primary key (`id`));
INSERT INTO jobs VALUES('643c3282002137342cf32540','members-migrations','finished','2023-04-16 17:38:10','2023-04-16 17:38:10','2023-04-16 17:38:10','2023-04-16 17:38:10');
CREATE TABLE `redirects` (`id` varchar(24) not null, `from` varchar(2000) not null, `to` varchar(2000) not null, `post_id` varchar(24) null, `created_at` datetime not null, `updated_at` datetime null, foreign key(`post_id`) references `posts`(`id`) on delete SET NULL, primary key (`id`));
CREATE TABLE `members_click_events` (`id` varchar(24) not null, `member_id` varchar(24) not null, `redirect_id` varchar(24) not null, `created_at` datetime not null, foreign key(`member_id`) references `members`(`id`) on delete CASCADE, foreign key(`redirect_id`) references `redirects`(`id`) on delete CASCADE, primary key (`id`));
CREATE TABLE `members_feedback` (`id` varchar(24) not null, `score` integer not null default '0', `member_id` varchar(24) not null, `post_id` varchar(24) not null, `created_at` datetime not null, `updated_at` datetime null, foreign key(`member_id`) references `members`(`id`) on delete CASCADE, foreign key(`post_id`) references `posts`(`id`) on delete CASCADE, primary key (`id`));
CREATE TABLE `suppressions` (`id` varchar(24) not null, `email` varchar(191) not null, `email_id` varchar(24) null, `reason` varchar(50) not null, `created_at` datetime not null, foreign key(`email_id`) references `emails`(`id`), primary key (`id`));
CREATE TABLE `email_spam_complaint_events` (`id` varchar(24) not null, `member_id` varchar(24) not null, `email_id` varchar(24) not null, `email_address` varchar(191) not null, `created_at` datetime not null, foreign key(`member_id`) references `members`(`id`) on delete CASCADE, foreign key(`email_id`) references `emails`(`id`), primary key (`id`));
CREATE TABLE `mentions` (`id` varchar(24) not null, `source` varchar(2000) not null, `source_title` varchar(2000) null, `source_site_title` varchar(2000) null, `source_excerpt` varchar(2000) null, `source_author` varchar(2000) null, `source_featured_image` varchar(2000) null, `source_favicon` varchar(2000) null, `target` varchar(2000) not null, `resource_id` varchar(24) null, `resource_type` varchar(50) null, `created_at` datetime not null, `payload` text null, `deleted` boolean not null default '0', `verified` boolean not null default '0', primary key (`id`));
CREATE TABLE `milestones` (`id` varchar(24) not null, `type` varchar(24) not null, `value` integer not null, `currency` varchar(24) null, `created_at` datetime not null, `email_sent_at` datetime null, primary key (`id`));
INSERT INTO milestones VALUES('643c3288002137342cf32541','members',0,NULL,'2023-04-16 17:38:16',NULL);
CREATE TABLE IF NOT EXISTS "migrations" (`id` integer PRIMARY KEY AUTOINCREMENT NOT NULL, `name` varchar(120) NOT NULL, `version` varchar(70) NOT NULL, `currentVersion` varchar(255));
INSERT INTO migrations VALUES(1,'1-create-tables.js','init','5.44');
INSERT INTO migrations VALUES(2,'2-create-fixtures.js','init','5.44');
INSERT INTO migrations VALUES(3,'01-final-v1.js','1.25','5.44');
INSERT INTO migrations VALUES(4,'02-noop.js','1.25','5.44');
INSERT INTO migrations VALUES(5,'01-final-v2.js','2.37','5.44');
INSERT INTO migrations VALUES(6,'01-final-v3.js','3.41','5.44');
INSERT INTO migrations VALUES(7,'01-update-mobiledoc.js','4.0','5.44');
INSERT INTO migrations VALUES(8,'02-add-status-column-to-members.js','4.0','5.44');
INSERT INTO migrations VALUES(9,'03-populate-status-column-for-members.js','4.0','5.44');
INSERT INTO migrations VALUES(10,'04-drop-apps-related-tables.js','4.0','5.44');
INSERT INTO migrations VALUES(11,'05-add-members-subscribe-events-table.js','4.0','5.44');
INSERT INTO migrations VALUES(12,'06-populate-members-subscribe-events-table.js','4.0','5.44');
INSERT INTO migrations VALUES(13,'07-alter-unique-constraint-for-posts-slug.js','4.0','5.44');
INSERT INTO migrations VALUES(14,'08-add-members-login-events-table.js','4.0','5.44');
INSERT INTO migrations VALUES(15,'09-add-members-email-change-events-table.js','4.0','5.44');
INSERT INTO migrations VALUES(16,'10-add-members-status-events-table.js','4.0','5.44');
INSERT INTO migrations VALUES(17,'11-add-members-paid-subscription-events-table.js','4.0','5.44');
INSERT INTO migrations VALUES(18,'12-delete-apps-related-settings-keys.js','4.0','5.44');
INSERT INTO migrations VALUES(19,'13-add-members-payment-events-table.js','4.0','5.44');
INSERT INTO migrations VALUES(20,'14-remove-orphaned-stripe-records.js','4.0','5.44');
INSERT INTO migrations VALUES(21,'15-add-frontmatter-column-to-meta.js','4.0','5.44');
INSERT INTO migrations VALUES(22,'16-refactor-slack-setting.js','4.0','5.44');
INSERT INTO migrations VALUES(23,'17-populate-members-status-events-table.js','4.0','5.44');
INSERT INTO migrations VALUES(24,'18-transform-urls-absolute-to-transform-ready.js','4.0','5.44');
INSERT INTO migrations VALUES(25,'19-remove-labs-members-setting.js','4.0','5.44');
INSERT INTO migrations VALUES(26,'20-refactor-unsplash-setting.js','4.0','5.44');
INSERT INTO migrations VALUES(27,'21-sanitize-email-batches-provider-id.js','4.0','5.44');
INSERT INTO migrations VALUES(28,'22-solve-orphaned-webhooks.js','4.0','5.44');
INSERT INTO migrations VALUES(29,'23-regenerate-posts-html.js','4.0','5.44');
INSERT INTO migrations VALUES(30,'24-add-missing-email-permissions.js','4.0','5.44');
INSERT INTO migrations VALUES(31,'25-populate-members-paid-subscription-events-table.js','4.0','5.44');
INSERT INTO migrations VALUES(32,'26-add-cascade-on-delete.js','4.0','5.44');
INSERT INTO migrations VALUES(33,'27-add-primary-key-brute-migrations-lock.js','4.0','5.44');
INSERT INTO migrations VALUES(34,'28-add-webhook-intergrations-foreign-key.js','4.0','5.44');
INSERT INTO migrations VALUES(35,'29-fix-foreign-key-for-members-stripe-customers-subscriptions.js','4.0','5.44');
INSERT INTO migrations VALUES(36,'30-set-default-accent-color.js','4.0','5.44');
INSERT INTO migrations VALUES(37,'01-fix-backup-content-permission-typo.js','4.1','5.44');
INSERT INTO migrations VALUES(38,'02-add-unique-constraint-for-member-stripe-tables.js','4.1','5.44');
INSERT INTO migrations VALUES(39,'01-fix-incorrect-mrr-delta-events.js','4.2','5.44');
INSERT INTO migrations VALUES(40,'01-add-products-table.js','4.3','5.44');
INSERT INTO migrations VALUES(41,'02-add-members-products-table.js','4.3','5.44');
INSERT INTO migrations VALUES(42,'03-add-default-product.js','4.3','5.44');
INSERT INTO migrations VALUES(43,'04-attach-members-to-product.js','4.3','5.44');
INSERT INTO migrations VALUES(44,'05-add-stripe-products-table.js','4.3','5.44');
INSERT INTO migrations VALUES(45,'06-add-stripe-prices-table.js','4.3','5.44');
INSERT INTO migrations VALUES(46,'07-add-products-permissions.js','4.3','5.44');
INSERT INTO migrations VALUES(47,'08-migrate-members-signup-setting.js','4.3','5.44');
INSERT INTO migrations VALUES(48,'09-add-price-id-column-to-subscriptions-table.js','4.3','5.44');
INSERT INTO migrations VALUES(49,'10-populate-stripe-price-id-in-subscriptions.js','4.3','5.44');
INSERT INTO migrations VALUES(50,'01-restore-free-members-signup-setting-from-backup.js','4.4','5.44');
INSERT INTO migrations VALUES(51,'02-migrate-members-signup-access.js','4.4','5.44');
INSERT INTO migrations VALUES(52,'01-add-stripe-price-description-column.js','4.5','5.44');
INSERT INTO migrations VALUES(53,'02-add-product-description-column.js','4.5','5.44');
INSERT INTO migrations VALUES(54,'03-give-label-read-permissions-to-editors.js','4.5','5.44');
INSERT INTO migrations VALUES(55,'04-remove-unique-constraint-from-product-name.js','4.5','5.44');
INSERT INTO migrations VALUES(56,'05-rename-default-product-to-site-title.js','4.5','5.44');
INSERT INTO migrations VALUES(57,'01-remove-comped-status.js','4.6','5.44');
INSERT INTO migrations VALUES(58,'01-add-monthly-price-column-to-products.js','4.7','5.44');
INSERT INTO migrations VALUES(59,'02-add-yearly-price-column-to-products.js','4.7','5.44');
INSERT INTO migrations VALUES(60,'03-add-labs-setting.js','4.7','5.44');
INSERT INTO migrations VALUES(61,'01-add-feature-image-alt-column-to-posts-meta.js','4.8','5.44');
INSERT INTO migrations VALUES(62,'02-add-feature-image-caption-column-to-posts-meta.js','4.8','5.44');
INSERT INTO migrations VALUES(63,'03-add-default-product-portal-products.js','4.8','5.44');
INSERT INTO migrations VALUES(64,'04-migrate-show-newsletter-header-setting.js','4.8','5.44');
INSERT INTO migrations VALUES(65,'01-add-reset-all-passwords-permission.js','4.9','5.44');
INSERT INTO migrations VALUES(66,'02-add-benefits-table.js','4.9','5.44');
INSERT INTO migrations VALUES(67,'03-add-products-benefits-table.js','4.9','5.44');
INSERT INTO migrations VALUES(68,'04-add-member-segment-to-email-batches.js','4.9','5.44');
INSERT INTO migrations VALUES(69,'05-fix-missed-mobiledoc-url-transforms.js','4.9','5.44');
INSERT INTO migrations VALUES(70,'06-add-comped-status.js','4.9','5.44');
INSERT INTO migrations VALUES(71,'07-update-comped-members-status-events.js','4.9','5.44');
INSERT INTO migrations VALUES(72,'01-add-oauth-user-data.js','4.11','5.44');
INSERT INTO migrations VALUES(73,'02-add-email-verification-required-setting.js','4.11','5.44');
INSERT INTO migrations VALUES(74,'01-add-email-only-column-to-posts-meta-table.js','4.12','5.44');
INSERT INTO migrations VALUES(75,'02-fix-member-statuses.js','4.12','5.44');
INSERT INTO migrations VALUES(76,'01-add-members-stripe-connect-auth-permission-to-administrators.js','4.13','5.44');
INSERT INTO migrations VALUES(77,'02-add-members-products-events-table.js','4.13','5.44');
INSERT INTO migrations VALUES(78,'01-fix-comped-member-statuses.js','4.14','5.44');
INSERT INTO migrations VALUES(79,'02-fix-free-members-status-events.js','4.14','5.44');
INSERT INTO migrations VALUES(80,'01-add-temp-members-analytic-events-table.js','4.15','5.44');
INSERT INTO migrations VALUES(81,'01-add-custom-theme-settings-table.js','4.16','5.44');
INSERT INTO migrations VALUES(82,'01-add-custom-theme-settings-permissions.js','4.17','5.44');
INSERT INTO migrations VALUES(83,'02-add-offers-table.js','4.17','5.44');
INSERT INTO migrations VALUES(84,'03-add-offers-permissions.js','4.17','5.44');
INSERT INTO migrations VALUES(85,'01-add-active-column-to-offers.js','4.19','5.44');
INSERT INTO migrations VALUES(86,'02-add-offer-redemptions-table.js','4.19','5.44');
INSERT INTO migrations VALUES(87,'01-remove-offer-redemptions-table.js','4.20','5.44');
INSERT INTO migrations VALUES(88,'02-remove-offers-table.js','4.20','5.44');
INSERT INTO migrations VALUES(89,'03-add-offers-table.js','4.20','5.44');
INSERT INTO migrations VALUES(90,'04-add-offer-redemptions-table.js','4.20','5.44');
INSERT INTO migrations VALUES(91,'05-remove-not-null-constraint-from-portal-title.js','4.20','5.44');
INSERT INTO migrations VALUES(92,'01-add-is-launch-complete-setting.js','4.22','5.44');
INSERT INTO migrations VALUES(93,'02-update-launch-complete-setting-from-user-data.js','4.22','5.44');
INSERT INTO migrations VALUES(94,'01-truncate-offer-names.js','4.23','5.44');
INSERT INTO migrations VALUES(95,'2022-01-14-11-50-add-type-column-to-products.js','4.33','5.44');
INSERT INTO migrations VALUES(96,'2022-01-14-11-51-add-default-free-tier.js','4.33','5.44');
INSERT INTO migrations VALUES(97,'2022-01-18-09-07-remove-duplicate-offer-redemptions.js','4.33','5.44');
INSERT INTO migrations VALUES(98,'2022-01-19-10-43-add-active-column-to-products-table.js','4.33','5.44');
INSERT INTO migrations VALUES(99,'2022-01-25-13-53-add-welcome-page-url-column-to-products.js','4.34','5.44');
INSERT INTO migrations VALUES(100,'2022-01-20-05-55-add-post-products-table.js','4.35','5.44');
INSERT INTO migrations VALUES(101,'2022-01-30-15-17-set-welcome-page-url-from-settings.js','4.35','5.44');
INSERT INTO migrations VALUES(102,'2022-02-01-11-48-update-email-recipient-filter-column-type.js','4.35','5.44');
INSERT INTO migrations VALUES(103,'2022-02-01-12-03-update-recipient-filter-column-type.js','4.35','5.44');
INSERT INTO migrations VALUES(104,'2022-02-02-10-38-add-default-content-visibility-tiers-setting.js','4.35','5.44');
INSERT INTO migrations VALUES(105,'2022-02-02-13-10-transform-specific-tiers-default-content-visibility.js','4.35','5.44');
INSERT INTO migrations VALUES(106,'2022-02-04-04-34-populate-empty-portal-products.js','4.35','5.44');
INSERT INTO migrations VALUES(107,'2022-02-07-14-34-add-last-seen-at-column-to-members.js','4.36','5.44');
INSERT INTO migrations VALUES(108,'2022-02-21-09-53-backfill-members-last-seen-at-column.js','4.37','5.44');
INSERT INTO migrations VALUES(109,'2022-03-01-08-46-add-visibility-to-tiers.js','4.38','5.44');
INSERT INTO migrations VALUES(110,'2022-03-03-16-12-add-visibility-to-tiers.js','4.38','5.44');
INSERT INTO migrations VALUES(111,'2022-03-03-16-17-drop-tiers-visible-column.js','4.38','5.44');
INSERT INTO migrations VALUES(112,'2022-03-07-10-57-update-free-products-visibility-column.js','4.39','5.44');
INSERT INTO migrations VALUES(113,'2022-03-07-10-57-update-products-visibility-column.js','4.39','5.44');
INSERT INTO migrations VALUES(114,'2022-03-07-14-37-add-members-cancel-events-table.js','4.40','5.44');
INSERT INTO migrations VALUES(115,'2022-03-15-06-40-add-offers-admin-integration-permission-roles.js','4.40','5.44');
INSERT INTO migrations VALUES(116,'2022-03-15-06-40-add-tiers-admin-integration-permission-roles.js','4.40','5.44');
INSERT INTO migrations VALUES(117,'2022-03-21-17-17-add.js','4.42','5.44');
INSERT INTO migrations VALUES(118,'2022-03-30-15-44-add-newsletter-permissions.js','4.42','5.44');
INSERT INTO migrations VALUES(119,'2022-03-28-19-26-recreate-newsletter-table.js','4.43','5.44');
INSERT INTO migrations VALUES(120,'2022-03-29-14-45-add-members-newsletters-table.js','4.43','5.44');
INSERT INTO migrations VALUES(121,'2022-04-01-10-13-add-post-newsletter-relation.js','4.43','5.44');
INSERT INTO migrations VALUES(122,'2022-04-06-09-47-add-type-column-to-paid-subscription-events.js','4.43','5.44');
INSERT INTO migrations VALUES(123,'2022-04-06-14-56-add-email-newsletter-relation.js','4.43','5.44');
INSERT INTO migrations VALUES(124,'2022-04-08-10-45-add-subscription-id-to-mrr-events.js','4.43','5.44');
INSERT INTO migrations VALUES(125,'2022-04-06-15-22-populate-type-column-for-paid-subscription-events.js','4.44','5.44');
INSERT INTO migrations VALUES(126,'2022-04-08-11-54-add-cancelled-events.js','4.44','5.44');
INSERT INTO migrations VALUES(127,'2022-04-11-08-24-add-newsletter-permissions.js','4.44','5.44');
INSERT INTO migrations VALUES(128,'2022-04-11-10-54-add-mrr-to-subscriptions.js','4.44','5.44');
INSERT INTO migrations VALUES(129,'2022-04-12-07-33-fill-mrr.js','4.44','5.44');
INSERT INTO migrations VALUES(130,'2022-04-13-12-00-remove-newsletter-sender-name-not-null-constraint.js','4.44','5.44');
INSERT INTO migrations VALUES(131,'2022-04-15-07-53-add-offer-id-to-subscriptions.js','4.44','5.44');
INSERT INTO migrations VALUES(132,'2022-04-19-12-23-backfill-subscriptions-offers.js','4.45','5.44');
INSERT INTO migrations VALUES(133,'2022-04-20-11-25-add-newsletter-read-permission.js','4.45','5.44');
INSERT INTO migrations VALUES(134,'2022-04-21-02-55-add-notifications-key-entry-to-settings-table.js','4.45','5.44');
INSERT INTO migrations VALUES(135,'2022-04-13-12-00-add-created-at-newsletters.js','4.46','5.44');
INSERT INTO migrations VALUES(136,'2022-04-13-12-01-add-updated-at-newsletters.js','4.46','5.44');
INSERT INTO migrations VALUES(137,'2022-04-13-12-02-fill-created-at-newsletters.js','4.46','5.44');
INSERT INTO migrations VALUES(138,'2022-04-13-12-03-drop-nullable-created-at-newsletters.js','4.46','5.44');
INSERT INTO migrations VALUES(139,'2022-04-13-12-08-newsletters-show-header-name.js','4.46','5.44');
INSERT INTO migrations VALUES(140,'2022-04-13-12-57-add-uuid-column-to-newsletters.js','4.46','5.44');
INSERT INTO migrations VALUES(141,'2022-04-13-12-58-fill-uuid-for-newsletters.js','4.46','5.44');
INSERT INTO migrations VALUES(142,'2022-04-13-12-59-drop-nullable-uuid-newsletters.js','4.46','5.44');
INSERT INTO migrations VALUES(143,'2022-04-13-13-00-add-default-newsletter.js','4.46','5.44');
INSERT INTO migrations VALUES(144,'2022-04-20-08-39-map-subscribers-to-default-newsletter.js','4.46','5.44');
INSERT INTO migrations VALUES(145,'2022-04-22-07-43-add-newsletter-id-to-subscribe-events.js','4.46','5.44');
INSERT INTO migrations VALUES(146,'2022-04-27-07-59-set-newsletter-id-subscribe-events.js','4.46','5.44');
INSERT INTO migrations VALUES(147,'2022-05-03-15-30-update-newsletter-sending-options.js','4.47','5.44');
INSERT INTO migrations VALUES(148,'2022-05-04-10-03-transform-newsletter-header-image.js','4.47','5.44');
INSERT INTO migrations VALUES(149,'2022-03-14-12-33-delete-duplicate-offer-redemptions.js','5.0','5.44');
INSERT INTO migrations VALUES(150,'2022-03-28-15-25-backfill-mrr-adjustments-for-offers.js','5.0','5.44');
INSERT INTO migrations VALUES(151,'2022-04-25-10-32-backfill-mrr-for-discounted-subscriptions.js','5.0','5.44');
INSERT INTO migrations VALUES(152,'2022-04-26-15-44-backfill-mrr-events-for-canceled-subscriptions.js','5.0','5.44');
INSERT INTO migrations VALUES(153,'2022-04-27-11-26-backfill-mrr-for-canceled-subscriptions.js','5.0','5.44');
INSERT INTO migrations VALUES(154,'2022-04-28-03-26-remove-author-id-column-from-posts-table.js','5.0','5.44');
INSERT INTO migrations VALUES(155,'2022-05-03-09-39-drop-nullable-subscribe-event-newsletter-id.js','5.0','5.44');
INSERT INTO migrations VALUES(156,'2022-05-04-15-24-map-existing-emails-to-default-newsletter.js','5.0','5.44');
INSERT INTO migrations VALUES(157,'2022-05-05-13-13-migrate-legacy-recipient-filters.js','5.0','5.44');
INSERT INTO migrations VALUES(158,'2022-05-05-13-29-add-newsletters-admin-integration-permission-roles.js','5.0','5.44');
INSERT INTO migrations VALUES(159,'2022-05-05-15-17-drop-oauth-table.js','5.0','5.44');
INSERT INTO migrations VALUES(160,'2022-05-06-08-16-cleanup-client-subscriber-permissions.js','5.0','5.44');
INSERT INTO migrations VALUES(161,'2022-05-06-13-22-add-frontend-integration.js','5.0','5.44');
INSERT INTO migrations VALUES(162,'2022-05-09-10-00-drop-members-subscribed-column.js','5.0','5.44');
INSERT INTO migrations VALUES(163,'2022-05-09-14-17-cleanup-invalid-users-status.js','5.0','5.44');
INSERT INTO migrations VALUES(164,'2022-05-10-08-33-drop-members-analytics-table.js','5.0','5.44');
INSERT INTO migrations VALUES(165,'2022-05-10-14-57-cleanup-invalid-posts-status.js','5.0','5.44');
INSERT INTO migrations VALUES(166,'2022-05-11-12-08-drop-webhooks-status-column.js','5.0','5.44');
INSERT INTO migrations VALUES(167,'2022-05-11-13-12-rename-settings.js','5.0','5.44');
INSERT INTO migrations VALUES(168,'2022-05-11-16-36-remove-unused-settings.js','5.0','5.44');
INSERT INTO migrations VALUES(169,'2022-05-12-10-29-add-newsletter-permissions-for-editors-and-authors.js','5.0','5.44');
INSERT INTO migrations VALUES(170,'2022-05-12-13-51-add-label-permissions-for-authors.js','5.0','5.44');
INSERT INTO migrations VALUES(171,'2022-05-13-11-38-drop-none-email-recipient-filter.js','5.0','5.44');
INSERT INTO migrations VALUES(172,'2022-05-21-00-00-regenerate-posts-html.js','5.0','5.44');
INSERT INTO migrations VALUES(173,'2022-07-04-13-49-add-comments-table.js','5.3','5.44');
INSERT INTO migrations VALUES(174,'2022-07-05-09-36-add-comments-likes-table.js','5.3','5.44');
INSERT INTO migrations VALUES(175,'2022-07-05-09-47-add-comments-reports-table.js','5.3','5.44');
INSERT INTO migrations VALUES(176,'2022-07-05-10-00-add-comment-related-fields-to-members.js','5.3','5.44');
INSERT INTO migrations VALUES(177,'2022-07-05-12-55-add-comments-crud-permissions.js','5.3','5.44');
INSERT INTO migrations VALUES(178,'2022-07-05-15-35-add-comment-notifications-field-to-users-table.js','5.3','5.44');
INSERT INTO migrations VALUES(179,'2022-07-06-07-26-add-comments-enabled-setting.js','5.3','5.44');
INSERT INTO migrations VALUES(180,'2022-07-06-07-58-add-ghost-explore-integration-role.js','5.3','5.44');
INSERT INTO migrations VALUES(181,'2022-07-06-09-13-add-ghost-explore-integration-role-permissions.js','5.3','5.44');
INSERT INTO migrations VALUES(182,'2022-07-06-09-17-add-ghost-explore-integration.js','5.3','5.44');
INSERT INTO migrations VALUES(183,'2022-07-06-09-26-add-ghost-explore-integration-api-key.js','5.3','5.44');
INSERT INTO migrations VALUES(184,'2022-07-18-14-29-add-comment-reporting-permissions.js','5.5','5.44');
INSERT INTO migrations VALUES(185,'2022-07-18-14-31-drop-reports-reason.js','5.5','5.44');
INSERT INTO migrations VALUES(186,'2022-07-18-14-32-drop-nullable-member-id-from-likes.js','5.5','5.44');
INSERT INTO migrations VALUES(187,'2022-07-18-14-33-fix-comments-on-delete-foreign-keys.js','5.5','5.44');
INSERT INTO migrations VALUES(188,'2022-07-21-08-56-add-jobs-table.js','5.5','5.44');
INSERT INTO migrations VALUES(189,'2022-07-27-13-40-change-explore-type.js','5.6','5.44');
INSERT INTO migrations VALUES(190,'2022-08-02-06-09-add-trial-period-days-column-to-tiers.js','5.8','5.44');
INSERT INTO migrations VALUES(191,'2022-08-03-15-28-add-trial-start-column-to-stripe-subscriptions.js','5.8','5.44');
INSERT INTO migrations VALUES(192,'2022-08-03-15-29-add-trial-end-column-to-stripe-subscriptions.js','5.8','5.44');
INSERT INTO migrations VALUES(193,'2022-08-09-08-32-added-new-integration-type.js','5.9','5.44');
INSERT INTO migrations VALUES(194,'2022-08-15-05-34-add-expiry-at-column-to-members-products.js','5.10','5.44');
INSERT INTO migrations VALUES(195,'2022-08-16-14-25-add-member-created-events-table.js','5.10','5.44');
INSERT INTO migrations VALUES(196,'2022-08-16-14-25-add-subscription-created-events-table.js','5.10','5.44');
INSERT INTO migrations VALUES(197,'2022-08-19-14-15-fix-comments-deletion-strategy.js','5.10','5.44');
INSERT INTO migrations VALUES(198,'2022-08-22-11-03-add-member-alert-settings-columns-to-users.js','5.11','5.44');
INSERT INTO migrations VALUES(199,'2022-08-23-13-41-backfill-members-created-events.js','5.11','5.44');
INSERT INTO migrations VALUES(200,'2022-08-23-13-59-fix-page-resource-type.js','5.11','5.44');
INSERT INTO migrations VALUES(201,'2022-09-02-12-55-rename-members-bio-to-expertise.js','5.14','5.44');
INSERT INTO migrations VALUES(202,'2022-09-12-16-10-add-posts-lexical-column.js','5.15','5.44');
INSERT INTO migrations VALUES(203,'2022-09-14-12-46-add-email-track-clicks-setting.js','5.15','5.44');
INSERT INTO migrations VALUES(204,'2022-09-16-08-22-add-post-revisions-table.js','5.15','5.44');
INSERT INTO migrations VALUES(205,'2022-09-19-09-04-add-link-redirects-table.js','5.16','5.44');
INSERT INTO migrations VALUES(206,'2022-09-19-09-05-add-members-link-click-events-table.js','5.16','5.44');
INSERT INTO migrations VALUES(207,'2022-09-19-17-44-add-referrer-columns-to-member-events-table.js','5.16','5.44');
INSERT INTO migrations VALUES(208,'2022-09-19-17-44-add-referrer-columns-to-subscription-events-table.js','5.16','5.44');
INSERT INTO migrations VALUES(209,'2022-09-27-13-53-remove-click-tracking-tables.js','5.17','5.44');
INSERT INTO migrations VALUES(210,'2022-09-27-13-55-add-redirects-table.js','5.17','5.44');
INSERT INTO migrations VALUES(211,'2022-09-27-13-56-add-members-click-events-table.js','5.17','5.44');
INSERT INTO migrations VALUES(212,'2022-09-27-16-49-set-track-clicks-based-on-opens.js','5.17','5.44');
INSERT INTO migrations VALUES(213,'2022-09-29-12-39-add-track-clicks-column-to-emails.js','5.17','5.44');
INSERT INTO migrations VALUES(214,'2022-09-02-20-25-add-columns-to-products-table.js','5.19','5.44');
INSERT INTO migrations VALUES(215,'2022-09-02-20-52-backfill-new-product-columns.js','5.19','5.44');
INSERT INTO migrations VALUES(216,'2022-10-10-06-58-add-subscriptions-table.js','5.19','5.44');
INSERT INTO migrations VALUES(217,'2022-10-10-10-05-add-members-feedback-table.js','5.19','5.44');
INSERT INTO migrations VALUES(218,'2022-10-11-10-38-add-feedback-enabled-column-to-newsletters.js','5.19','5.44');
INSERT INTO migrations VALUES(219,'2022-10-18-05-39-drop-nullable-tier-id.js','5.20','5.44');
INSERT INTO migrations VALUES(220,'2022-10-18-10-13-add-ghost-subscription-id-column-to-mscs.js','5.20','5.44');
INSERT INTO migrations VALUES(221,'2022-10-19-11-17-add-link-browse-permissions.js','5.20','5.44');
INSERT INTO migrations VALUES(222,'2022-10-20-02-52-add-link-edit-permissions.js','5.20','5.44');
INSERT INTO migrations VALUES(223,'2022-10-24-07-23-disable-feedback-enabled.js','5.21','5.44');
INSERT INTO migrations VALUES(224,'2022-10-25-12-05-backfill-missed-products-columns.js','5.21','5.44');
INSERT INTO migrations VALUES(225,'2022-10-26-04-49-add-batch-id-members-created-events.js','5.21','5.44');
INSERT INTO migrations VALUES(226,'2022-10-26-04-49-add-batch-id-subscription-created-events.js','5.21','5.44');
INSERT INTO migrations VALUES(227,'2022-10-26-04-50-member-subscription-created-batch-id.js','5.21','5.44');
INSERT INTO migrations VALUES(228,'2022-10-26-09-32-add-feedback-enabled-column-to-emails.js','5.21','5.44');
INSERT INTO migrations VALUES(229,'2022-10-27-09-50-add-member-track-source-setting.js','5.21','5.44');
INSERT INTO migrations VALUES(230,'2022-10-31-12-03-backfill-new-product-columns.js','5.22','5.44');
INSERT INTO migrations VALUES(231,'2022-11-21-09-32-add-source-columns-to-emails-table.js','5.24','5.44');
INSERT INTO migrations VALUES(232,'2022-11-21-15-03-populate-source-column-with-html-for-emails.js','5.24','5.44');
INSERT INTO migrations VALUES(233,'2022-11-21-15-57-add-error-columns-for-email-batches.js','5.24','5.44');
INSERT INTO migrations VALUES(234,'2022-11-24-10-36-add-suppressions-table.js','5.25','5.44');
INSERT INTO migrations VALUES(235,'2022-11-24-10-37-add-email-spam-complaint-events-table.js','5.25','5.44');
INSERT INTO migrations VALUES(236,'2022-11-29-08-30-add-error-recipient-failures-table.js','5.25','5.44');
INSERT INTO migrations VALUES(237,'2022-12-13-16-15-add-usage-colums-to-tokens.js','5.27','5.44');
INSERT INTO migrations VALUES(238,'2023-01-04-04-12-drop-suppressions-table.js','5.27','5.44');
INSERT INTO migrations VALUES(239,'2023-01-04-04-13-add-suppressions-table.js','5.27','5.44');
INSERT INTO migrations VALUES(240,'2023-01-05-15-13-add-active-theme-permissions.js','5.28','5.44');
INSERT INTO migrations VALUES(241,'2023-01-11-02-45-truncate-suppressions.js','5.29','5.44');
INSERT INTO migrations VALUES(242,'2023-01-13-04-25-unsubscribe-suppressed-emails.js','5.30','5.44');
INSERT INTO migrations VALUES(243,'2022-12-05-09-56-update-newsletter-subscriptions.js','5.31','5.44');
INSERT INTO migrations VALUES(244,'2023-01-17-14-59-add-outbound-link-tagging-setting.js','5.31','5.44');
INSERT INTO migrations VALUES(245,'2023-01-19-07-46-add-mentions-table.js','5.31','5.44');
INSERT INTO migrations VALUES(246,'2023-01-24-08-00-fix-invalid-tier-expiry-for-paid-members.js','5.32','5.44');
INSERT INTO migrations VALUES(247,'2023-01-24-08-09-restore-incorrect-expired-tiers-for-members.js','5.32','5.44');
INSERT INTO migrations VALUES(248,'2023-01-30-07-27-add-mentions-permission.js','5.34','5.44');
INSERT INTO migrations VALUES(249,'2023-02-08-03-08-add-mentions-notifications-column.js','5.34','5.44');
INSERT INTO migrations VALUES(250,'2023-02-08-22-32-add-mentions-delete-column.js','5.34','5.44');
INSERT INTO migrations VALUES(251,'2023-02-13-06-24-add-mentions-verified-column.js','5.35','5.44');
INSERT INTO migrations VALUES(252,'2023-02-20-12-22-add-milestones-table.js','5.36','5.44');
INSERT INTO migrations VALUES(253,'2023-02-21-12-29-add-milestone-notifications-column.js','5.36','5.44');
INSERT INTO migrations VALUES(254,'2023-02-23-10-40-set-outbound-link-tagging-based-on-source-tracking.js','5.36','5.44');
INSERT INTO migrations VALUES(255,'2023-03-13-09-29-add-newsletter-show-post-title-section.js','5.39','5.44');
INSERT INTO migrations VALUES(256,'2023-03-13-13-11-add-newsletter-show-comment-cta.js','5.39','5.44');
INSERT INTO migrations VALUES(257,'2023-03-13-14-30-add-newsletter-show-subscription-details.js','5.39','5.44');
INSERT INTO migrations VALUES(258,'2023-03-14-12-26-add-last-mentions-email-report-timestamp-setting.js','5.39','5.44');
INSERT INTO migrations VALUES(259,'2023-03-13-14-05-add-newsletter-show-latest-posts.js','5.40','5.44');
INSERT INTO migrations VALUES(260,'2023-03-21-18-42-add-self-serve-integration-role.js','5.40','5.44');
INSERT INTO migrations VALUES(261,'2023-03-21-18-43-add-self-serve-migration-and-permissions.js','5.40','5.44');
INSERT INTO migrations VALUES(262,'2023-03-21-18-52-add-self-serve-integration.js','5.40','5.44');
INSERT INTO migrations VALUES(263,'2023-03-21-19-02-add-self-serve-integration-api-key.js','5.40','5.44');
INSERT INTO migrations VALUES(264,'2023-03-27-15-00-add-newsletter-colors.js','5.41','5.44');
INSERT INTO migrations VALUES(265,'2023-03-27-17-51-fix-self-serve-integration-api-key-type.js','5.41','5.44');
INSERT INTO migrations VALUES(266,'2023-04-04-07-03-add-portal-terms-settings.js','5.42','5.44');
INSERT INTO migrations VALUES(267,'2023-04-14-04-17-add-snippets-lexical-column.js','5.44','5.44');
CREATE TABLE tags (
	id VARCHAR(24),
	name VARCHAR(191),
	slug VARCHAR(191),
	description TEXT,
	feature_image VARCHAR(2000),
	parent_id VARCHAR(191),
	visibility VARCHAR(50) DEFAULT ('public'),
	og_image VARCHAR(2000),
	og_title VARCHAR(300),
	og_description VARCHAR(500),
	twitter_image VARCHAR(2000),
	twitter_title VARCHAR(300),
	twitter_description VARCHAR(500),
	meta_title VARCHAR(2000),
	meta_description VARCHAR(2000),
	codeinjection_head TEXT,
	codeinjection_foot TEXT,
	canonical_url VARCHAR(2000),
	accent_color VARCHAR(50),
	created_at DATETIME,
	created_by VARCHAR(24),
	updated_at DATETIME,
	updated_by VARCHAR(24),
	CONSTRAINT TAGS_PK PRIMARY KEY (id),
	CONSTRAINT tags_FK FOREIGN KEY (created_by) REFERENCES users(id),
	CONSTRAINT tags_FK_1 FOREIGN KEY (updated_by) REFERENCES users(id)
);
INSERT INTO tags VALUES('643c3268002137342cf32338','News','news','Tag Description','/content/en-us/images/size/_raw/2023/04/643c3268002137342cf32338_PXL_20220326_123931525.PORTRAIT-01.jpeg',NULL,'public',NULL,'',NULL,NULL,NULL,NULL,NULL,NULL,NULL,NULL,NULL,'#014619','2023-04-16 17:37:44','1','2023-04-26T17:37:44','1');
INSERT INTO tags VALUES('64415203f228f05bd1c8e111','Getting Started','getting-started',NULL,'/content/en-us/images/size/_raw/2023/04/64415203f228f05bd1c8e111_main__share.jpg',NULL,'public',NULL,NULL,NULL,NULL,NULL,NULL,NULL,NULL,NULL,NULL,NULL,'#da1616','2023-04-20 14:53:55','1','2023-04-26T14:53:55','1');
INSERT INTO tags VALUES('644e4fa55de44f549d24230b','Tutorial','tutorial',NULL,NULL,NULL,'public',NULL,NULL,NULL,NULL,NULL,NULL,NULL,NULL,NULL,NULL,NULL,NULL,'2023-04-30T11:23','1',NULL,NULL);
CREATE TABLE users (
	id VARCHAR,
	name VARCHAR,
	slug VARCHAR,
	password VARCHAR,
	email VARCHAR,
	profile_image VARCHAR,
	cover_image VARCHAR,
	bio TEXT,
	website VARCHAR,
	location TEXT,
	facebook VARCHAR,
	twitter VARCHAR,
	accessibility TEXT,
	status VARCHAR DEFAULT ('active'),
	locale VARCHAR,
	visibility VARCHAR DEFAULT ('public'),
	meta_title VARCHAR,
	meta_description VARCHAR,
	tour TEXT,
	last_seen DATETIME,
	comment_notifications BOOLEAN DEFAULT ('1'),
	free_member_signup_notification BOOLEAN DEFAULT ('1'),
	paid_subscription_started_notification BOOLEAN DEFAULT ('1'),
	paid_subscription_canceled_notification BOOLEAN DEFAULT ('0'),
	mention_notifications BOOLEAN DEFAULT ('1'),
	milestone_notifications BOOLEAN DEFAULT ('1'),
	created_at DATETIME,
	created_by VARCHAR,
	updated_at DATETIME,
	updated_by VARCHAR,
	CONSTRAINT USERS_PK PRIMARY KEY (id),
	CONSTRAINT users_FK FOREIGN KEY (created_by) REFERENCES users(id),
	CONSTRAINT users_FK_1 FOREIGN KEY (updated_by) REFERENCES users(id)
);
INSERT INTO users VALUES('1','Vontigo','vontigo','P@ssw0rd','contact@vontigo.org','/content/en-us/images/size/_raw/2023/05/1_Singuyen_2d_solid_logo_with_V_character_3b6024d5-96a2-4d19-9e88-ad28c9522cbf.png',NULL,'Love to smile! : V','https://vontigo.org','Ho Chi Minh City, Vietnam','',NULL,NULL,'active',NULL,'public',NULL,NULL,'Hello!','2023-04-20 14:45:00',1,1,1,0,1,1,'2023-04-16 17:37:44','1','2023-04-20 14:45:00','1');
DELETE FROM sqlite_sequence;
INSERT INTO sqlite_sequence VALUES('migrations',267);
CREATE UNIQUE INDEX `newsletters_uuid_unique` on `newsletters` (`uuid`);
CREATE UNIQUE INDEX `newsletters_name_unique` on `newsletters` (`name`);
CREATE UNIQUE INDEX `newsletters_slug_unique` on `newsletters` (`slug`);
CREATE UNIQUE INDEX `posts_slug_type_unique` on `posts` (`slug`, `type`);
CREATE UNIQUE INDEX `posts_meta_post_id_unique` on `posts_meta` (`post_id`);
CREATE UNIQUE INDEX `roles_name_unique` on `roles` (`name`);
CREATE UNIQUE INDEX `permissions_name_unique` on `permissions` (`name`);
CREATE UNIQUE INDEX `settings_key_unique` on `settings` (`key`);
CREATE UNIQUE INDEX `invites_token_unique` on `invites` (`token`);
CREATE UNIQUE INDEX `invites_email_unique` on `invites` (`email`);
CREATE UNIQUE INDEX `sessions_session_id_unique` on `sessions` (`session_id`);
CREATE UNIQUE INDEX `integrations_slug_unique` on `integrations` (`slug`);
CREATE UNIQUE INDEX `api_keys_secret_unique` on `api_keys` (`secret`);
CREATE INDEX `mobiledoc_revisions_post_id_index` on `mobiledoc_revisions` (`post_id`);
CREATE INDEX `post_revisions_post_id_index` on `post_revisions` (`post_id`);
CREATE UNIQUE INDEX `members_uuid_unique` on `members` (`uuid`);
CREATE UNIQUE INDEX `members_email_unique` on `members` (`email`);
CREATE INDEX `members_email_open_rate_index` on `members` (`email_open_rate`);
CREATE UNIQUE INDEX `products_slug_unique` on `products` (`slug`);
CREATE UNIQUE INDEX `offers_name_unique` on `offers` (`name`);
CREATE UNIQUE INDEX `offers_code_unique` on `offers` (`code`);
CREATE UNIQUE INDEX `offers_stripe_coupon_id_unique` on `offers` (`stripe_coupon_id`);
CREATE UNIQUE INDEX `benefits_slug_unique` on `benefits` (`slug`);
CREATE UNIQUE INDEX `labels_name_unique` on `labels` (`name`);
CREATE UNIQUE INDEX `labels_slug_unique` on `labels` (`slug`);
CREATE UNIQUE INDEX `members_stripe_customers_customer_id_unique` on `members_stripe_customers` (`customer_id`);
CREATE UNIQUE INDEX `members_stripe_customers_subscriptions_subscription_id_unique` on `members_stripe_customers_subscriptions` (`subscription_id`);
CREATE INDEX `members_stripe_customers_subscriptions_stripe_price_id_index` on `members_stripe_customers_subscriptions` (`stripe_price_id`);
CREATE UNIQUE INDEX `stripe_products_stripe_product_id_unique` on `stripe_products` (`stripe_product_id`);
CREATE UNIQUE INDEX `stripe_prices_stripe_price_id_unique` on `stripe_prices` (`stripe_price_id`);
CREATE UNIQUE INDEX `emails_post_id_unique` on `emails` (`post_id`);
CREATE INDEX `emails_post_id_index` on `emails` (`post_id`);
CREATE INDEX `email_recipients_member_id_index` on `email_recipients` (`member_id`);
CREATE INDEX `email_recipients_delivered_at_index` on `email_recipients` (`delivered_at`);
CREATE INDEX `email_recipients_opened_at_index` on `email_recipients` (`opened_at`);
CREATE INDEX `email_recipients_failed_at_index` on `email_recipients` (`failed_at`);
CREATE INDEX `email_recipients_email_id_member_email_index` on `email_recipients` (`email_id`, `member_email`);
CREATE INDEX `tokens_token_index` on `tokens` (`token`);
CREATE UNIQUE INDEX `snippets_name_unique` on `snippets` (`name`);
CREATE UNIQUE INDEX `jobs_name_unique` on `jobs` (`name`);
CREATE UNIQUE INDEX `suppressions_email_unique` on `suppressions` (`email`);
CREATE UNIQUE INDEX `email_spam_complaint_events_email_id_member_id_unique` on `email_spam_complaint_events` (`email_id`, `member_id`);
CREATE UNIQUE INDEX `migrations_name_version_unique` on `migrations` (`name`, `version`);
COMMIT;
